DischargePressure,SuctionPressure,Flow,Power,Vibration,PumpEfficiency,AmbientTemp,PressureDiff,Head,PowerConsumption
243.2,18.72564,272.96,123.32,12.05389171,0.822133333,49.25,170121.925,22.88219776,0.819806481
243.2,18.72564,272.96,123.32,12.05389171,0.822133333,50.25,170121.925,22.88219776,0.819806481
243.2,18.72564,272.96,123.32,12.05389171,0.822133333,51.25,170121.925,22.88219776,0.819806481
243.2,18.72564,272.96,123.32,12.05389171,0.822133333,52.25,170121.925,22.88219776,0.819806481
243.2,18.72564,272.96,123.32,12.05389171,0.822133333,53.25,170121.925,22.88219776,0.819806481
243.2,18.72564,272.96,123.32,12.05389171,0.822133333,54.25,170121.925,22.88219776,0.819806481
243.2,18.72564,272.96,123.32,12.05389171,0.822133333,55.25,170121.925,22.88219776,0.819806481
243.2,18.72564,272.96,123.32,12.05389171,0.822133333,56.25,170121.925,22.88219776,0.819806481
243.2,18.72564,272.96,123.32,12.05389171,0.822133333,49.25,170121.925,22.88219776,0.819806481
243.2,18.72564,272.96,123.32,12.05389171,0.822133333,49.25,170121.925,22.88219776,0.819806481
243.2,18.72564,272.96,123.32,12.05389171,0.822133333,49.25,170121.925,22.88219776,0.819806481
243.2,18.72564,272.96,123.32,12.05389171,0.822133333,49.25,170121.925,22.88219776,0.819806481
243.2,18.72564,272.96,123.32,12.05389171,0.822133333,49.25,170121.925,22.88219776,0.819806481
243.2,18.72564,272.96,123.32,12.05389171,0.822133333,49.25,170121.925,22.88219776,0.819806481
243.2,18.72564,272.96,123.32,12.05389171,0.822133333,49.25,170121.925,22.88219776,0.819806481
243.2,18.72564,272.96,123.32,12.05389171,0.822133333,49.25,170121.925,22.88219776,0.819806481
243.2,18.72564,272.96,123.32,12.05389171,0.822133333,49.25,170121.925,22.88219776,0.819806481
243.2,18.72564,272.96,123.32,12.05389171,0.822133333,49.25,170121.925,22.88219776,0.819806481
243.2,18.72564,272.96,123.32,12.05389171,0.822133333,49.25,170121.925,22.88219776,0.819806481
243.2,18.72564,272.96,123.32,12.05389171,0.822133333,49.25,170121.925,22.88219776,0.819806481
243.2,18.72564,272.96,123.32,12.05389171,0.822133333,49.25,170121.925,22.88219776,0.819806481
243.2,18.72564,272.96,123.32,12.05389171,0.822133333,49.25,170121.925,22.88219776,0.819806481
243.2,18.72564,272.96,123.32,12.05389171,0.822133333,49.25,170121.925,22.88219776,0.819806481
243.2,18.72564,272.96,123.32,12.05389171,0.822133333,49.25,170121.925,22.88219776,0.819806481
243.2,18.72564,272.96,123.32,12.05389171,0.822133333,49.25,170121.925,22.88219776,0.819806481
243.2,18.72564,272.96,123.32,12.05389171,0.822133333,49.25,170121.925,22.88219776,0.819806481
243.2,18.72564,272.96,123.32,12.05389171,0.822133333,49.25,170121.925,22.88219776,0.819806481
243.2,18.72564,272.96,123.32,12.05389171,0.822133333,49.25,170121.925,22.88219776,0.819806481
243.2,18.72564,272.96,123.32,12.05389171,0.822133333,49.25,170121.925,22.88219776,0.819806481
243.2,18.72564,272.96,123.32,12.05389171,0.822133333,49.25,170121.925,22.88219776,0.819806481
243.2,18.72564,272.96,123.32,12.05389171,0.822133333,49.25,170121.925,22.88219776,0.819806481
243.2,18.72564,272.96,123.32,12.05389171,0.822133333,49.25,170121.925,22.88219776,0.819806481
243.2,18.72564,272.96,123.32,12.05389171,0.822133333,49.25,170121.925,22.88219776,0.819806481
243.2,18.72564,272.96,123.32,12.05389171,0.822133333,49.25,170121.925,22.88219776,0.819806481
243.2,18.72564,272.96,123.32,12.05389171,0.822133333,49.25,170121.925,22.88219776,0.819806481
243.2,18.72564,272.96,123.32,12.05389171,0.822133333,49.25,170121.925,22.88219776,0.819806481
243.2,18.72564,272.96,123.32,12.05389171,0.822133333,49.25,170121.925,22.88219776,0.819806481
243.2,18.72564,272.96,123.32,12.05389171,0.822133333,49.25,170121.925,22.88219776,0.819806481
243.2,18.72564,272.96,123.32,12.05389171,0.822133333,49.25,170121.925,22.88219776,0.819806481
243.2,18.72564,272.96,123.32,12.05389171,0.822133333,49.25,170121.925,22.88219776,0.819806481
243.2,18.72564,272.96,123.32,12.05389171,0.822133333,49.25,170121.925,22.88219776,0.819806481
243.2,18.72564,272.96,123.32,12.05389171,0.822133333,49.25,170121.925,22.88219776,0.819806481
243.2,18.72564,272.96,123.32,12.05389171,0.822133333,49.25,170121.925,22.88219776,0.819806481
243.2,18.72564,272.96,123.32,12.05389171,0.822133333,49.25,170121.925,22.88219776,0.819806481
243.2,18.72564,272.96,123.32,12.05389171,0.822133333,49.25,170121.925,22.88219776,0.819806481
243.2,18.72564,272.96,123.32,12.05389171,0.822133333,49.25,170121.925,22.88219776,0.819806481
243.2,18.72564,272.96,123.32,12.05389171,0.822133333,49.25,170121.925,22.88219776,0.819806481
243.2,18.72564,272.96,123.32,12.05389171,0.822133333,49.25,170121.925,22.88219776,0.819806481
243.2,18.72564,272.96,123.32,12.05389171,0.822133333,49.25,170121.925,22.88219776,0.819806481
243.2,18.72564,272.96,123.32,12.05389171,0.822133333,49.25,170121.925,22.88219776,0.819806481
243.2,18.72564,272.96,123.32,12.05389171,0.822133333,49.25,170121.925,22.88219776,0.819806481
243.2,18.72564,272.96,123.32,12.05389171,0.822133333,49.25,170121.925,22.88219776,0.819806481
243.2,18.72564,272.96,123.32,12.05389171,0.822133333,49.25,170121.925,22.88219776,0.819806481
243.2,18.72564,272.96,123.32,12.05389171,0.822133333,49.25,170121.925,22.88219776,0.819806481
243.2,18.72564,272.96,123.32,12.05389171,0.822133333,49.25,170121.925,22.88219776,0.819806481
243.2,18.72564,272.96,123.32,12.05389171,0.822133333,49.25,170121.925,22.88219776,0.819806481
243.2,18.72564,272.96,123.32,12.05389171,0.822133333,49.25,170121.925,22.88219776,0.819806481
243.2,18.72564,272.96,123.32,12.05389171,0.822133333,49.25,170121.925,22.88219776,0.819806481
243.2,18.72564,272.96,123.32,12.05389171,0.822133333,49.25,170121.925,22.88219776,0.819806481
243.2,18.72564,272.96,123.32,12.05389171,0.822133333,49.25,170121.925,22.88219776,0.819806481
243.2,18.72564,272.96,123.32,12.05389171,0.822133333,49.25,170121.925,22.88219776,0.819806481
243.2,18.72564,272.96,123.32,12.05389171,0.822133333,49.25,170121.925,22.88219776,0.819806481
243.2,18.72564,272.96,123.32,12.05389171,0.822133333,49.25,170121.925,22.88219776,0.819806481
243.2,18.72564,272.96,123.32,12.05389171,0.822133333,49.25,170121.925,22.88219776,0.819806481
243.2,18.72564,272.96,123.32,12.05389171,0.822133333,49.25,170121.925,22.88219776,0.819806481
243.2,18.72564,272.96,123.32,12.05389171,0.822133333,49.25,170121.925,22.88219776,0.819806481
243.2,18.72564,272.96,123.32,12.05389171,0.822133333,49.25,170121.925,22.88219776,0.819806481
243.2,18.72564,272.96,123.32,12.05389171,0.822133333,49.25,170121.925,22.88219776,0.819806481
243.2,18.72564,272.96,123.32,12.05389171,0.822133333,49.25,170121.925,22.88219776,0.819806481
243.2,18.72564,272.96,123.32,12.05389171,0.822133333,49.25,170121.925,22.88219776,0.819806481
243.2,18.72564,272.96,123.32,12.05389171,0.822133333,49.25,170121.925,22.88219776,0.819806481
243.2,18.72564,272.96,123.32,12.05389171,0.822133333,49.25,170121.925,22.88219776,0.819806481
243.2,18.72564,272.96,123.32,12.05389171,0.822133333,49.25,170121.925,22.88219776,0.819806481
243.2,18.72564,272.96,123.32,12.05389171,0.822133333,49.25,170121.925,22.88219776,0.819806481
243.2,18.72564,272.96,123.32,12.05389171,0.822133333,49.25,170121.925,22.88219776,0.819806481
243.2,18.72564,272.96,123.32,12.05389171,0.822133333,49.25,170121.925,22.88219776,0.819806481
243.2,18.72564,272.96,123.32,12.05389171,0.822133333,49.25,170121.925,22.88219776,0.819806481
243.2,18.72564,272.96,123.32,12.05389171,0.822133333,49.25,170121.925,22.88219776,0.819806481
243.2,18.72564,272.96,123.32,12.05389171,0.822133333,49.25,170121.925,22.88219776,0.819806481
243.2,18.72564,272.96,123.32,12.05389171,0.822133333,49.25,170121.925,22.88219776,0.819806481
243.2,18.72564,272.96,123.32,12.05389171,0.822133333,49.25,170121.925,22.88219776,0.819806481
243.2,18.72564,272.96,123.32,12.05389171,0.822133333,49.25,170121.925,22.88219776,0.819806481
243.2,18.72564,272.96,123.32,12.05389171,0.822133333,49.25,170121.925,22.88219776,0.819806481
243.2,18.72564,272.96,123.32,12.05389171,0.822133333,49.25,170121.925,22.88219776,0.819806481
243.2,18.72564,272.96,123.32,12.05389171,0.822133333,49.25,170121.925,22.88219776,0.819806481
243.2,18.72564,272.96,123.32,12.05389171,0.822133333,49.25,170121.925,22.88219776,0.819806481
243.2,18.72564,272.96,123.32,12.05389171,0.822133333,49.25,170121.925,22.88219776,0.819806481
243.2,18.72564,272.96,123.32,12.05389171,0.822133333,49.25,170121.925,22.88219776,0.819806481
243.2,18.72564,272.96,123.32,12.05389171,0.822133333,49.25,170121.925,22.88219776,0.819806481
243.2,18.72564,272.96,123.32,12.05389171,0.822133333,49.25,170121.925,22.88219776,0.819806481
243.2,18.72564,272.96,123.32,12.05389171,0.822133333,49.25,170121.925,22.88219776,0.819806481
243.2,18.72564,272.96,123.32,12.05389171,0.822133333,49.25,170121.925,22.88219776,0.819806481
243.2,18.72564,272.96,123.32,12.05389171,0.822133333,49.25,170121.925,22.88219776,0.819806481
243.2,18.72564,272.96,123.32,12.05389171,0.822133333,49.25,170121.925,22.88219776,0.819806481
243.2,18.72564,272.96,123.32,12.05389171,0.822133333,49.25,170121.925,22.88219776,0.819806481
243.2,18.72564,272.96,123.32,12.05389171,0.822133333,49.25,170121.925,22.88219776,0.819806481
243.2,18.72564,272.96,123.32,12.05389171,0.822133333,49.25,170121.925,22.88219776,0.819806481
243.2,18.72564,272.96,123.32,12.05389171,0.822133333,49.25,170121.925,22.88219776,0.819806481
243.2,18.72564,272.96,123.32,12.05389171,0.822133333,49.25,170121.925,22.88219776,0.819806481
243.2,18.72564,272.96,123.32,12.05389171,0.822133333,49.25,170121.925,22.88219776,0.819806481
243.2,18.72564,272.96,123.32,12.05389171,0.822133333,49.25,170121.925,22.88219776,0.819806481
243.2,18.72564,272.96,123.32,12.05389171,0.822133333,49.25,170121.925,22.88219776,0.819806481
243.2,18.72564,272.96,123.32,12.05389171,0.822133333,49.25,170121.925,22.88219776,0.819806481
243.2,18.72564,272.96,123.32,12.05389171,0.822133333,49.25,170121.925,22.88219776,0.819806481
243.2,18.72564,272.96,123.32,12.05389171,0.822133333,49.25,170121.925,22.88219776,0.819806481
243.2,18.72564,272.96,123.32,12.05389171,0.822133333,49.25,170121.925,22.88219776,0.819806481
243.2,18.72564,272.96,123.32,12.05389171,0.822133333,49.25,170121.925,22.88219776,0.819806481
243.2,18.72564,272.96,123.32,12.05389171,0.822133333,49.25,170121.925,22.88219776,0.819806481
243.2,18.72564,272.96,123.32,12.05389171,0.822133333,49.25,170121.925,22.88219776,0.819806481
243.2,18.72564,272.96,123.32,12.05389171,0.822133333,49.25,170121.925,22.88219776,0.819806481
243.2,18.72564,272.96,123.32,12.05389171,0.822133333,49.25,170121.925,22.88219776,0.819806481
243.2,18.72564,272.96,123.32,12.05389171,0.822133333,49.25,170121.925,22.88219776,0.819806481
243.2,18.72564,272.96,123.32,12.05389171,0.822133333,49.25,170121.925,22.88219776,0.819806481
243.2,18.72564,272.96,123.32,12.05389171,0.822133333,49.25,170121.925,22.88219776,0.819806481
243.2,18.72564,272.96,123.32,12.05389171,0.822133333,49.25,170121.925,22.88219776,0.819806481
243.2,18.72564,272.96,123.32,12.05389171,0.822133333,49.25,170121.925,22.88219776,0.819806481
243.2,18.72564,272.96,123.32,12.05389171,0.822133333,49.25,170121.925,22.88219776,0.819806481
243.2,18.72564,272.96,123.32,12.05389171,0.822133333,49.25,170121.925,22.88219776,0.819806481
243.2,18.72564,272.96,123.32,12.05389171,0.822133333,49.25,170121.925,22.88219776,0.819806481
243.2,18.72564,272.96,123.32,12.05389171,0.822133333,49.25,170121.925,22.88219776,0.819806481
243.2,18.72564,272.96,123.32,12.05389171,0.822133333,49.25,170121.925,22.88219776,0.819806481
