Raw Water Flow,Floc,DAF Recycle Flow,Air Pressure,Water_Generation,Acid,BackWashFlow,Coagulant,Caustic,FilterTankLevel,ChlorineLeak,TreatedWaterPressure,TreatedWaterFlow,ChlorineRes,Acidity,Turbidity,Power,ReservoirLevel,OEE,Recovery,TSE_Permitted_PH,TSE_Actual_PH,TSE_Permitted_Conductivity,TSE_Actual_Conductivity,Inflow_Flow,Inflow_TSS,Inflow_PH,Inflow_Temp,Inflow_Conductivity,Inflow_Sludge_Level,Outflow_Flow,Outflow_PH,Outflow_Conductivity
17.71,6.89,6.50,1.24,84.23,0.91,2.34,79.68,1.44,43.83,0.52,2.48,5.44,0.03,7.46,1.08,106.96,29.14,73.55,77.93,6.65,6.84,1133.58,1315.01,5.86,413.47,7.62,34.26,1076.44,743.23,8.16,7.21,1441.92
15.72,6.37,6.42,1.29,87.69,0.76,2.92,64.20,1.04,37.51,0.68,2.45,5.64,0.03,7.36,1.55,144.94,30.82,61.72,85.82,8.23,7.24,1245.16,1297.09,5.58,458.05,6.82,34.54,1244.02,535.21,9.09,8.33,1351.09
17.36,6.36,5.13,1.00,78.22,0.35,4.85,66.54,1.39,24.84,0.62,2.52,6.75,0.06,7.24,1.47,130.11,33.13,70.97,85.16,8.40,7.26,1460.98,1500.34,6.68,420.65,7.12,31.67,1231.99,567.65,9.82,7.50,1680.65
16.65,6.57,6.01,0.89,81.55,0.78,2.58,67.15,1.08,46.12,0.62,2.22,6.36,0.05,7.45,1.40,108.53,32.52,67.07,83.79,6.63,7.37,1577.53,1433.05,5.07,344.93,6.69,32.79,1080.10,802.75,7.57,8.19,1653.06
16.51,6.30,5.54,1.66,86.87,0.81,4.74,79.06,1.08,31.11,0.69,2.56,5.80,0.06,7.16,1.42,159.14,21.36,75.99,80.11,8.06,7.17,1350.20,1113.06,6.04,376.23,7.55,35.65,1042.60,956.38,7.10,7.99,1049.31
15.68,6.37,6.91,1.01,87.69,0.42,1.67,73.71,1.36,22.48,0.62,2.49,5.81,0.07,7.41,1.28,156.16,20.35,71.25,83.57,8.03,7.01,1614.64,1246.85,6.89,453.50,6.76,45.24,1385.04,804.63,9.14,7.16,1655.45
16.84,6.73,5.30,1.23,77.83,0.36,4.56,74.99,1.04,39.18,0.56,2.53,6.01,0.06,7.29,1.60,148.99,27.57,70.43,85.10,7.82,7.60,1445.03,1354.10,6.80,350.48,6.98,33.87,1433.49,569.72,7.79,6.93,1279.24
17.18,6.12,6.11,0.89,78.83,0.45,4.56,65.16,1.38,20.03,0.64,2.47,5.52,0.06,7.35,1.23,128.42,24.19,66.83,82.79,7.37,7.32,1564.20,1355.40,5.16,464.96,7.65,43.22,1455.42,582.18,8.58,7.66,1099.58
15.73,6.55,6.84,0.72,81.79,1.08,2.32,74.00,0.78,26.66,0.53,2.55,6.94,0.06,7.59,1.03,129.96,25.62,61.38,78.42,7.06,7.65,1141.00,1470.48,5.78,347.22,7.16,34.17,1534.28,815.52,7.48,6.73,1537.62
17.26,6.27,6.71,1.18,88.69,0.57,2.16,63.46,1.40,36.65,0.62,2.18,5.97,0.05,6.68,1.43,151.31,34.41,74.47,85.48,7.04,6.98,1310.79,1494.71,5.02,416.55,7.13,45.10,1264.29,507.39,9.03,8.23,1424.83
15.39,6.44,5.10,1.73,75.36,0.90,3.98,67.42,1.38,49.09,0.51,2.41,6.89,0.06,7.69,1.16,109.38,22.39,68.71,81.60,7.16,6.86,1203.23,1518.33,5.87,393.09,7.25,36.07,1544.64,605.49,8.30,6.60,1611.31
15.28,6.08,6.15,0.74,76.02,0.52,4.17,78.08,0.91,46.05,0.68,2.37,5.21,0.06,6.60,1.32,134.63,18.36,72.07,86.63,6.86,6.71,1553.93,1254.91,5.99,307.44,6.87,41.68,1042.64,578.27,7.98,7.56,1188.85
16.65,6.84,6.24,1.71,82.26,0.87,5.00,64.91,0.78,29.81,0.57,2.44,5.88,0.03,7.19,1.44,116.64,33.32,64.24,76.55,7.00,7.08,1505.91,1443.53,5.20,354.75,7.35,33.90,1301.10,685.04,8.62,7.79,1655.95
16.57,6.37,6.49,0.64,75.07,0.78,2.00,72.65,1.16,43.65,0.53,2.54,5.45,0.04,7.51,1.04,115.89,33.96,71.59,86.48,7.52,6.75,1487.65,1377.61,6.15,364.75,6.88,41.89,1282.95,512.05,8.06,6.57,1151.25
19.16,6.93,6.23,0.73,82.25,0.56,2.53,69.72,1.09,31.35,0.63,2.18,6.97,0.03,7.59,1.66,100.29,31.07,78.29,75.86,7.55,7.22,1637.23,1172.64,6.51,355.16,7.56,41.53,1344.64,798.36,7.11,7.79,1230.40
16.46,6.16,6.22,0.55,87.40,1.11,4.83,66.30,1.06,43.45,0.61,2.18,6.51,0.02,7.05,1.60,165.57,20.99,75.23,77.76,8.30,6.92,1479.74,1409.82,6.46,425.26,7.40,35.64,1326.55,826.21,7.80,7.58,1364.31
19.37,6.95,6.08,1.48,86.16,1.12,2.21,78.18,1.41,17.59,0.57,2.33,5.84,0.05,7.59,1.07,135.98,26.30,65.85,84.13,6.55,7.52,1143.81,1454.27,6.67,391.82,6.84,41.43,1664.39,722.36,9.25,7.80,1499.33
18.71,6.95,5.91,1.65,82.63,0.80,4.37,60.74,1.35,28.14,0.59,2.45,6.45,0.04,7.38,1.31,131.36,18.15,66.26,79.04,7.62,7.27,1227.84,1587.10,5.83,405.21,7.10,44.19,1175.81,600.60,8.98,8.33,1219.84
19.22,6.54,5.76,1.85,77.16,0.41,4.73,60.75,0.75,22.89,0.52,2.28,6.89,0.04,7.57,1.50,106.83,18.31,73.16,84.57,7.86,7.28,1502.79,1281.81,6.66,466.25,7.05,46.00,1559.67,655.96,7.54,8.05,1561.25
17.81,6.36,5.74,1.62,75.24,0.52,3.34,71.27,0.86,37.96,0.57,2.54,5.72,0.07,7.09,1.42,120.35,21.33,71.29,72.32,8.40,7.59,1432.22,1301.06,5.34,395.62,6.92,40.71,1273.33,599.65,7.20,6.89,1477.85
16.48,6.24,5.84,1.40,89.75,1.12,1.84,72.59,1.19,44.45,0.65,2.17,6.77,0.06,7.33,1.42,140.31,34.63,77.52,72.50,8.35,6.74,1539.10,1183.82,5.18,367.95,7.62,44.84,1340.81,839.36,8.13,8.24,1336.06
17.21,6.57,5.26,1.16,81.07,0.67,2.98,78.61,1.17,30.88,0.51,2.57,5.54,0.05,7.48,1.29,157.49,27.93,69.31,76.47,7.88,7.50,1646.72,1194.15,6.36,422.86,6.65,35.92,1329.10,743.14,7.88,7.82,1586.37
18.36,6.83,5.07,1.56,89.02,0.69,4.79,63.73,1.06,20.72,0.63,2.35,6.27,0.06,7.45,1.30,158.06,33.45,70.35,73.71,6.94,6.87,1198.87,1492.80,6.75,396.33,6.82,31.12,1272.42,877.44,9.42,8.05,1593.66
18.18,6.14,6.46,1.53,86.50,0.33,3.63,72.40,1.37,44.99,0.53,2.38,6.06,0.04,7.47,1.43,122.52,29.99,64.13,81.01,7.14,7.24,1614.03,1472.12,6.37,349.10,6.95,37.72,1119.72,919.62,9.12,7.33,1472.58
16.53,6.56,5.43,1.13,76.06,1.07,2.48,77.93,0.83,32.17,0.53,2.32,6.54,0.04,7.51,1.32,133.26,34.48,77.17,71.40,6.83,6.95,1355.57,1448.76,6.19,496.06,7.49,35.84,1342.07,871.90,9.96,7.06,1400.56
18.29,6.68,6.12,1.75,76.40,0.65,4.81,78.11,1.02,22.74,0.58,2.19,6.01,0.02,7.01,1.57,116.89,24.84,69.51,83.70,7.70,7.19,1323.28,1279.62,6.58,478.79,6.62,37.18,1388.18,820.81,8.79,6.63,1357.63
16.07,6.10,5.96,1.32,82.53,0.51,2.96,77.45,1.40,17.93,0.65,2.31,6.37,0.03,6.64,1.26,120.49,34.96,70.45,71.91,6.83,7.17,1445.66,1586.84,5.11,422.00,7.20,46.40,1191.17,754.46,9.60,6.82,1119.19
16.91,6.85,6.51,0.77,76.57,0.57,4.96,68.70,0.89,31.28,0.56,2.35,6.34,0.07,7.37,1.21,149.74,26.53,73.86,73.79,8.26,6.78,1035.66,1366.35,5.24,417.06,7.15,42.97,1304.23,967.93,8.70,7.38,1589.23
19.14,6.98,5.18,1.40,82.46,0.36,1.56,73.69,1.19,17.44,0.59,2.19,5.49,0.05,7.09,1.20,138.25,31.15,62.10,81.93,7.24,7.45,1612.21,1476.38,6.74,333.40,6.80,33.50,1403.00,618.35,9.83,8.39,1053.29
17.73,6.09,5.19,0.57,80.35,0.47,2.16,62.52,1.14,16.74,0.60,2.29,5.38,0.06,7.44,1.51,145.43,33.45,69.39,72.10,6.61,6.80,1579.07,1151.85,5.98,407.05,7.46,36.76,1442.68,809.87,9.14,8.05,1056.61
19.41,6.52,5.90,1.66,87.52,0.33,4.85,70.81,0.84,19.96,0.69,2.66,5.87,0.03,7.17,1.23,119.74,30.81,65.36,84.04,7.16,7.11,1128.25,1556.04,5.01,453.04,7.61,43.33,1359.99,509.92,7.47,7.40,1056.91
15.34,6.78,6.98,1.21,77.16,0.66,3.28,65.64,1.04,33.59,0.64,2.68,6.17,0.05,7.50,1.08,151.92,19.25,61.85,80.85,7.11,7.25,1689.20,1522.06,6.45,442.57,6.97,36.07,1465.19,843.29,7.63,7.64,1132.18
19.67,6.94,6.91,1.19,83.31,0.84,2.47,78.14,0.77,31.33,0.52,2.66,6.88,0.06,6.76,1.37,101.58,34.49,69.88,79.41,6.58,7.03,1607.46,1304.22,6.47,313.47,6.65,36.42,1373.29,645.80,7.29,8.03,1653.70
16.28,6.54,6.82,0.54,78.48,0.34,3.57,65.88,1.30,28.37,0.67,2.19,6.89,0.02,7.58,1.33,167.50,34.00,69.59,79.04,7.78,6.93,1302.80,1463.83,6.81,345.81,7.13,33.03,1564.16,855.14,9.28,6.55,1429.17
19.23,6.34,6.67,0.58,77.16,0.68,1.52,67.19,0.96,49.85,0.52,2.39,6.37,0.03,6.98,1.22,154.18,31.06,67.68,71.76,8.29,7.25,1382.96,1295.87,6.17,342.84,7.54,35.24,1408.67,667.34,7.22,7.64,1571.99
17.87,7.00,6.77,0.91,86.44,0.94,4.34,77.26,1.42,25.79,0.66,2.65,6.64,0.03,7.08,1.30,101.83,34.23,78.60,86.14,7.12,7.00,1112.46,1469.78,5.48,498.91,6.97,38.11,1528.41,779.99,8.21,6.96,1429.43
18.25,6.39,5.55,0.90,75.90,0.21,2.19,76.25,0.99,44.22,0.55,2.36,5.16,0.05,6.55,1.60,110.10,22.01,64.78,72.24,7.83,6.91,1448.95,1220.68,5.18,389.01,7.43,33.59,1469.68,935.32,9.28,6.59,1292.13
16.24,6.74,5.97,1.34,84.58,0.45,4.66,67.29,1.40,47.61,0.64,2.25,6.60,0.05,7.44,1.15,169.19,32.59,78.42,81.04,7.69,7.67,1464.10,1141.84,6.64,335.44,7.46,36.36,1378.73,550.95,7.84,7.13,1023.52
16.42,6.88,5.81,0.54,89.65,0.58,3.41,78.56,0.77,18.45,0.55,2.17,5.97,0.02,7.50,1.42,127.34,30.87,62.86,71.06,7.47,7.54,1621.95,1405.35,5.08,445.95,6.96,37.93,1034.83,778.94,8.62,6.77,1258.74
16.92,6.63,5.54,1.66,77.00,0.82,3.87,62.98,0.79,24.01,0.64,2.63,6.88,0.02,6.57,1.32,165.64,22.55,75.78,76.03,6.78,7.19,1642.63,1350.17,5.97,387.88,7.41,31.91,1644.82,658.13,7.27,8.27,1017.61
18.71,6.64,6.58,0.67,87.15,0.67,3.29,60.17,1.42,31.03,0.64,2.34,6.45,0.05,7.06,1.62,142.10,19.09,74.85,71.24,7.82,6.71,1364.62,1145.06,5.26,475.61,6.86,33.96,1178.85,641.35,7.90,7.25,1460.90
17.49,6.63,6.24,2.00,85.25,0.84,2.46,76.74,0.71,47.59,0.51,2.49,6.32,0.04,7.57,1.39,135.09,28.51,63.66,76.08,6.99,7.19,1023.72,1290.87,5.19,497.65,6.80,39.28,1066.01,700.58,7.84,7.36,1566.37
16.88,6.77,6.13,1.65,81.54,0.85,1.97,63.43,1.08,40.55,0.57,2.38,6.31,0.02,7.37,1.27,128.26,33.73,64.77,85.22,7.68,6.72,1522.33,1543.68,5.81,430.62,7.41,37.39,1542.41,736.16,8.25,6.57,1111.62
18.75,6.11,5.10,1.15,75.41,1.11,2.21,75.88,1.43,27.61,0.62,2.66,5.88,0.07,6.62,1.08,161.46,19.79,68.87,84.48,7.35,7.68,1642.38,1254.45,5.45,442.41,7.17,38.65,1105.91,934.63,9.74,8.13,1024.07
19.44,6.40,6.23,0.62,88.20,1.19,2.17,64.11,0.79,40.37,0.69,2.58,5.32,0.03,6.80,1.55,151.41,27.72,66.39,72.60,7.34,6.95,1005.41,1160.80,5.86,344.01,7.34,35.76,1248.28,578.42,9.62,6.75,1540.73
19.90,6.66,6.49,0.79,77.96,0.62,4.33,64.71,0.78,38.54,0.65,2.65,5.87,0.03,7.08,1.10,111.03,24.78,62.00,85.81,7.47,7.53,1697.07,1268.00,5.22,378.30,6.78,42.18,1642.63,815.82,7.42,8.15,1411.14
16.60,6.68,5.07,1.83,87.44,1.08,3.58,64.03,1.48,23.09,0.50,2.27,5.22,0.02,7.08,1.21,166.62,33.56,77.18,74.81,7.13,6.98,1446.76,1325.58,5.96,426.47,7.16,35.77,1200.38,655.30,8.08,7.12,1234.77
18.14,6.99,6.43,0.87,77.76,0.70,3.65,65.54,0.82,43.78,0.53,2.41,5.24,0.07,7.51,1.68,130.98,26.81,65.70,71.22,7.80,7.01,1036.46,1563.04,5.35,332.55,6.62,31.66,1470.09,738.85,7.84,7.57,1019.26
15.49,6.45,6.65,0.77,77.05,0.32,4.30,79.22,0.73,23.87,0.67,2.39,6.92,0.03,6.69,1.04,126.70,19.04,65.11,85.73,7.24,7.62,1128.74,1116.90,5.89,422.96,7.05,35.77,1131.20,509.86,7.74,6.86,1412.96
15.92,6.66,5.38,1.35,80.20,0.81,1.81,63.32,1.18,46.57,0.51,2.36,6.16,0.02,7.60,1.68,144.96,32.80,64.38,72.88,7.67,6.93,1338.90,1197.52,5.08,380.05,7.64,46.66,1525.71,581.45,7.64,7.13,1388.98
16.40,6.96,5.66,1.85,86.15,0.23,3.78,62.16,0.86,32.07,0.61,2.66,5.70,0.07,6.63,1.16,143.58,26.62,75.05,85.64,6.70,6.71,1670.70,1544.34,5.46,452.38,6.80,43.37,1531.93,982.03,7.86,8.24,1199.85
18.92,6.54,5.57,0.68,77.60,0.48,2.92,63.80,1.34,45.85,0.68,2.20,5.80,0.05,7.57,1.64,160.44,28.36,71.98,77.36,8.34,7.18,1635.18,1147.89,5.68,317.97,6.84,41.96,1396.18,695.79,9.09,7.54,1254.58
18.33,6.15,6.31,0.76,83.47,1.08,2.94,65.40,1.26,47.31,0.70,2.66,5.74,0.02,7.05,1.30,115.59,28.69,65.48,83.38,7.70,7.26,1091.84,1485.07,6.44,439.18,7.02,35.91,1361.82,768.93,8.44,8.29,1311.96
15.58,6.95,5.14,1.46,77.18,0.38,1.74,77.02,0.79,39.05,0.60,2.56,5.46,0.05,6.76,1.39,114.07,27.42,62.77,79.90,6.65,6.97,1472.29,1353.42,5.84,380.43,6.96,46.80,1201.88,869.84,9.86,8.44,1027.53
17.45,6.49,6.52,1.38,78.02,0.54,4.28,68.02,1.04,28.98,0.54,2.67,5.23,0.04,7.27,1.62,168.14,24.47,78.29,73.45,7.73,7.18,1416.33,1233.02,6.38,478.64,6.96,32.72,1086.13,660.72,9.95,7.75,1023.64
16.33,6.74,5.32,1.03,84.66,0.40,4.83,65.60,0.74,19.81,0.50,2.40,5.27,0.05,7.20,1.38,138.25,31.82,70.84,80.01,7.68,7.13,1673.13,1521.08,6.82,376.34,7.22,39.51,1586.93,517.14,9.07,6.63,1571.85
19.51,6.81,6.56,0.73,82.81,0.27,4.38,60.85,0.91,39.23,0.50,2.31,6.39,0.03,7.23,1.26,139.93,20.61,72.93,86.97,7.79,6.93,1321.76,1589.56,5.56,347.25,6.75,39.75,1370.18,529.84,9.37,8.40,1525.08
16.95,6.68,5.63,0.66,77.30,0.60,1.79,76.23,1.24,46.25,0.54,2.68,6.37,0.03,7.18,1.50,139.22,25.96,73.47,76.35,6.78,7.63,1567.37,1232.21,6.12,334.67,7.06,43.60,1094.92,682.10,9.25,7.97,1454.63
18.22,6.16,6.03,0.73,88.00,1.18,2.13,63.23,0.73,44.22,0.55,2.42,5.71,0.03,7.34,1.50,149.86,31.63,65.26,72.93,6.55,7.27,1319.28,1169.74,6.61,387.97,6.76,34.91,1607.73,976.30,9.25,7.25,1530.28
18.10,6.29,6.12,1.15,81.38,0.95,2.21,63.05,0.84,16.33,0.63,2.36,5.92,0.04,7.17,1.52,158.93,29.69,78.48,81.64,7.72,7.59,1376.99,1149.60,6.63,446.61,7.16,40.62,1255.09,586.56,7.27,6.53,1599.01
19.47,6.85,6.92,1.16,76.55,0.30,2.52,72.83,1.03,26.99,0.57,2.66,5.88,0.05,6.88,1.34,158.30,33.67,78.68,73.39,7.63,7.41,1463.36,1524.38,5.68,484.15,7.26,43.95,1256.27,571.05,7.27,7.99,1224.67
16.80,6.66,6.31,1.91,84.24,0.53,3.44,65.58,0.87,37.59,0.58,2.37,5.38,0.05,7.67,1.30,165.07,19.27,68.74,73.21,6.93,7.30,1427.25,1454.36,6.50,326.48,7.24,32.45,1138.21,577.04,7.59,6.93,1542.36
18.62,6.88,6.04,1.29,80.78,0.55,1.59,79.58,1.22,38.57,0.52,2.36,5.40,0.07,6.59,1.39,139.97,18.02,69.28,78.45,6.61,7.17,1592.40,1422.64,6.06,358.76,7.20,35.22,1423.10,786.17,7.68,6.85,1602.87
19.92,6.90,6.01,1.10,78.67,1.00,2.17,65.63,0.73,40.66,0.57,2.64,5.74,0.05,7.38,1.69,161.10,23.12,71.37,80.37,8.00,7.61,1653.42,1386.87,5.26,371.37,7.59,37.75,1036.13,816.72,9.87,7.19,1283.00
17.97,6.66,5.06,1.40,82.81,0.80,4.90,74.66,1.27,18.50,0.60,2.49,5.44,0.03,7.40,1.16,116.58,33.97,62.47,79.20,7.09,6.86,1287.98,1225.09,5.44,357.10,7.67,33.93,1274.28,921.62,9.33,7.12,1574.75
15.24,6.36,5.39,0.92,81.07,1.04,4.44,61.03,1.05,27.32,0.66,2.37,6.53,0.06,6.89,1.37,155.63,32.03,73.44,79.47,7.46,7.21,1478.28,1370.83,5.82,492.54,7.28,44.29,1506.52,882.15,7.23,8.05,1593.47
17.65,6.20,5.61,1.48,81.48,0.33,3.94,75.42,0.84,26.86,0.61,2.19,5.47,0.05,6.62,1.49,166.33,32.85,78.03,82.52,6.85,7.53,1320.57,1120.70,5.02,434.36,7.50,33.95,1139.92,570.17,8.43,8.22,1495.59
17.95,6.53,6.97,1.37,78.18,0.42,3.97,72.21,1.00,28.59,0.61,2.35,6.03,0.05,6.60,1.23,137.23,31.72,65.50,72.19,7.45,7.65,1280.99,1228.87,6.41,354.90,6.78,38.57,1610.32,765.57,8.40,7.98,1499.39
18.71,6.71,5.42,0.81,75.84,0.82,2.31,64.13,1.30,15.09,0.61,2.30,6.17,0.04,6.83,1.15,131.65,26.28,76.95,86.03,8.16,6.93,1132.60,1339.82,5.55,342.94,7.29,36.20,1027.89,724.60,9.46,8.06,1209.57
18.35,6.45,5.90,1.68,86.64,0.88,1.84,66.95,1.00,22.90,0.67,2.32,6.48,0.07,6.82,1.22,143.04,22.66,78.83,81.16,7.43,7.50,1567.20,1204.26,5.60,326.01,7.69,37.45,1167.08,754.43,8.24,7.52,1688.70
15.98,6.68,5.20,1.04,75.96,0.74,3.78,70.01,1.28,49.97,0.62,2.51,6.31,0.02,7.14,1.04,120.48,31.29,63.22,85.74,6.70,7.21,1019.72,1372.03,6.75,492.79,7.19,46.62,1229.31,815.13,7.11,8.41,1440.00
15.57,6.98,5.85,1.78,88.65,0.99,4.72,61.48,1.43,34.88,0.56,2.36,5.45,0.03,7.11,1.18,119.29,25.61,62.12,82.37,7.80,7.31,1216.76,1401.22,6.63,358.76,6.68,37.98,1180.81,912.99,7.46,7.15,1544.48
18.05,6.93,6.89,1.73,84.86,0.80,1.77,65.18,1.32,34.20,0.70,2.62,6.57,0.04,7.49,1.69,101.79,20.46,72.91,72.27,7.81,6.92,1214.83,1178.99,6.42,384.67,6.75,43.76,1404.45,927.75,8.64,7.94,1379.97
15.89,6.68,6.48,0.63,81.43,1.05,4.64,63.29,0.77,28.19,0.51,2.40,5.44,0.02,7.68,1.35,167.21,30.21,74.96,85.64,8.40,7.51,1134.66,1111.76,6.92,392.89,7.41,35.75,1502.56,637.17,8.93,7.70,1019.02
15.39,6.39,5.25,1.06,80.35,0.97,4.18,67.22,1.21,47.99,0.66,2.67,6.61,0.07,7.28,1.53,156.02,30.33,63.15,74.59,8.21,6.82,1529.94,1274.43,6.28,352.56,7.49,42.60,1218.68,761.97,8.53,7.62,1469.24
17.88,6.03,5.34,1.19,82.42,0.40,3.23,72.08,0.82,25.20,0.52,2.29,5.32,0.06,6.82,1.23,101.85,20.42,68.11,83.59,8.01,6.99,1532.99,1376.90,5.40,485.02,7.21,34.57,1247.62,849.93,8.04,7.77,1521.07
15.04,6.87,5.72,0.84,81.60,0.87,3.03,66.83,0.76,19.01,0.64,2.59,6.29,0.03,7.54,1.27,161.68,23.46,77.60,80.29,7.37,7.57,1568.90,1425.19,6.51,423.27,7.37,34.39,1290.69,639.65,9.03,6.58,1076.96
18.02,6.83,6.75,0.96,87.45,0.24,4.47,78.89,0.82,25.42,0.56,2.20,5.21,0.04,6.59,1.30,164.72,25.97,67.22,79.59,8.37,6.81,1288.88,1569.56,5.49,397.63,6.80,45.02,1532.53,837.78,8.16,8.20,1231.90
15.82,6.53,5.25,1.59,85.99,0.74,3.46,66.41,1.26,44.35,0.68,2.31,6.02,0.02,6.74,1.11,156.98,20.00,76.13,82.45,8.43,6.82,1651.77,1275.30,5.89,458.48,7.52,31.09,1072.86,634.87,9.88,6.93,1578.62
19.84,6.65,6.85,1.87,81.61,0.90,3.49,62.40,0.86,24.10,0.52,2.28,5.56,0.03,7.26,1.50,136.38,25.06,66.85,74.92,7.48,6.97,1374.79,1598.21,5.12,373.34,6.55,34.50,1336.27,685.39,9.39,7.71,1658.35
16.87,6.19,6.13,1.53,89.38,1.17,3.60,71.64,1.21,21.93,0.70,2.67,6.98,0.05,6.86,1.45,118.48,18.96,65.17,77.59,7.40,6.76,1035.94,1361.10,5.29,354.26,7.37,45.35,1597.41,947.05,7.67,6.59,1598.36
16.85,6.54,6.13,1.20,80.98,0.74,2.55,72.08,1.23,33.49,0.62,2.45,5.99,0.07,7.20,1.65,165.64,21.51,78.77,75.23,7.22,6.83,1583.33,1156.88,5.98,392.83,7.49,35.79,1222.43,833.77,7.36,6.80,1563.86
18.74,6.14,6.66,0.59,81.86,1.02,1.93,78.31,1.39,22.83,0.55,2.47,6.89,0.05,6.90,1.41,116.64,25.71,69.22,77.19,8.48,7.65,1599.58,1562.88,5.97,332.60,7.38,45.15,1288.07,589.98,8.73,7.27,1397.57
15.62,6.75,6.37,1.48,85.27,0.47,3.05,64.04,0.77,38.95,0.59,2.29,5.96,0.05,7.55,1.32,104.14,30.98,67.44,74.48,6.95,6.88,1069.96,1560.44,6.82,407.61,7.41,39.91,1322.73,935.68,8.62,8.20,1241.64
17.55,6.92,5.84,1.50,86.47,0.43,1.74,66.68,1.47,31.17,0.53,2.17,5.49,0.06,6.66,1.52,109.67,25.30,77.44,77.15,8.19,7.14,1106.93,1286.18,6.73,498.06,6.79,33.67,1015.92,773.30,8.69,7.16,1629.19
17.37,6.43,5.18,1.90,78.38,0.21,3.39,64.31,1.38,20.88,0.60,2.58,6.97,0.07,7.24,1.15,130.15,34.67,73.92,76.13,7.82,7.46,1357.81,1502.41,5.17,493.69,7.66,39.81,1367.06,948.01,7.50,7.26,1405.20
19.61,6.57,5.99,1.50,89.04,0.38,1.75,61.47,1.17,29.55,0.59,2.50,6.51,0.05,7.37,1.50,163.30,31.35,73.70,84.78,7.88,6.84,1023.24,1307.14,5.18,436.95,7.16,37.10,1086.70,887.43,7.92,7.70,1686.84
16.25,6.07,5.48,0.85,86.06,1.17,1.75,74.01,0.85,37.25,0.68,2.46,5.61,0.07,7.21,1.68,144.34,20.77,67.02,75.31,6.91,7.25,1007.75,1442.42,6.11,344.63,6.97,34.29,1034.09,966.85,7.14,6.97,1228.02
19.81,6.77,6.04,1.03,85.00,1.13,2.44,62.76,1.46,38.55,0.62,2.27,5.91,0.06,6.97,1.03,154.67,22.92,72.04,80.01,6.87,7.25,1305.21,1327.21,6.48,405.67,6.60,36.94,1294.02,568.73,9.17,6.55,1047.50
15.45,6.71,5.22,0.89,86.30,0.72,4.02,63.58,0.83,30.90,0.57,2.30,5.47,0.05,7.02,1.48,148.12,26.77,76.60,82.76,8.36,7.23,1136.67,1209.88,5.55,459.27,6.77,44.09,1609.12,702.83,7.00,6.85,1217.25
17.00,6.11,6.86,0.80,86.95,0.69,3.43,76.16,0.77,33.61,0.62,2.40,6.15,0.02,6.62,1.26,140.62,34.40,61.43,73.83,8.09,6.86,1293.61,1341.05,5.07,338.34,7.32,41.85,1284.43,749.28,8.91,6.59,1027.07
15.78,6.82,5.08,1.11,84.56,0.23,1.51,78.58,0.97,48.67,0.51,2.50,5.72,0.04,6.76,1.42,167.30,23.00,69.16,84.46,7.79,7.37,1442.22,1216.04,5.24,398.67,6.57,36.19,1661.24,588.99,8.08,6.68,1018.86
17.64,6.17,6.49,0.61,76.03,0.81,4.83,76.55,0.73,36.28,0.60,2.51,5.23,0.04,6.55,1.16,118.35,27.12,74.13,81.58,7.57,7.21,1460.93,1188.14,5.39,495.39,6.77,36.51,1162.31,506.17,7.26,6.84,1039.56
19.88,6.30,5.48,1.99,85.71,0.22,4.93,67.46,0.71,26.50,0.51,2.29,5.51,0.05,6.73,1.40,115.83,21.09,61.50,81.05,7.19,7.26,1457.88,1300.74,5.10,320.13,7.48,46.34,1525.35,590.14,8.51,7.23,1452.03
19.00,6.72,6.97,0.50,83.88,0.92,4.42,71.06,1.07,41.59,0.53,2.38,6.94,0.03,6.82,1.55,123.06,21.53,78.73,73.66,7.42,7.24,1189.88,1321.65,5.28,451.48,6.93,44.58,1381.01,603.45,8.30,6.65,1182.86
15.94,6.47,6.79,1.62,82.83,1.19,4.69,71.51,1.42,43.20,0.57,2.50,6.21,0.04,7.26,1.62,130.28,33.23,70.52,75.31,7.51,7.06,1136.53,1293.84,6.67,397.26,6.60,36.79,1074.04,519.64,7.75,7.14,1496.53
15.87,6.43,6.34,1.35,83.78,0.51,3.52,63.11,1.04,15.23,0.53,2.63,6.48,0.02,7.30,1.54,105.80,18.49,62.13,71.16,7.81,6.90,1127.07,1118.80,6.01,344.99,6.52,45.42,1341.65,623.32,9.42,6.63,1404.69
17.84,6.85,6.97,1.39,75.35,0.38,1.87,71.82,0.75,31.46,0.54,2.48,6.34,0.02,6.72,1.59,142.03,31.41,67.07,74.18,8.44,6.87,1349.69,1149.68,6.37,474.17,6.87,37.49,1550.06,724.37,8.50,7.37,1267.66
17.89,6.24,5.69,0.78,76.90,1.00,2.97,67.12,0.88,17.31,0.54,2.20,5.99,0.05,6.86,1.13,163.75,31.65,65.39,83.94,8.45,6.92,1212.21,1477.60,6.95,300.58,6.87,31.47,1306.74,736.05,8.54,6.52,1064.97
19.98,6.26,5.63,0.51,84.59,0.28,1.78,68.90,0.70,43.03,0.69,2.29,6.17,0.04,7.44,1.57,160.20,31.16,74.00,79.95,7.34,7.12,1129.46,1401.89,6.31,438.03,7.50,31.16,1380.22,675.76,8.69,7.67,1442.76
19.66,6.33,6.56,1.38,82.86,0.29,2.34,71.19,1.20,32.94,0.53,2.25,6.43,0.03,7.43,1.60,156.84,21.38,73.62,73.23,8.40,7.66,1081.44,1502.43,5.50,353.71,7.40,41.36,1502.99,690.64,8.44,7.31,1566.24
19.99,6.25,5.42,0.83,83.38,1.13,1.97,60.20,1.29,23.53,0.57,2.52,5.36,0.03,7.61,1.23,117.81,30.40,70.27,74.90,6.58,6.78,1033.76,1390.34,6.48,319.38,6.62,33.54,1445.20,843.49,8.18,7.43,1093.65
15.89,6.71,5.49,0.71,80.04,0.93,1.57,62.93,1.10,19.83,0.54,2.55,5.43,0.02,7.24,1.37,138.33,24.55,74.98,80.06,8.25,7.23,1126.05,1363.00,5.59,332.20,7.27,45.42,1527.39,986.58,8.53,8.00,1006.71
15.68,6.30,5.78,1.82,86.81,0.57,3.63,73.32,0.84,27.26,0.67,2.39,6.41,0.02,6.76,1.30,157.39,25.81,77.26,84.11,7.90,7.43,1504.70,1217.16,6.51,431.13,6.55,36.29,1651.10,626.65,9.55,8.31,1481.27
19.08,6.90,6.52,1.23,78.89,0.95,2.08,75.71,1.01,36.75,0.55,2.62,6.61,0.02,6.70,1.56,126.95,33.08,65.76,79.09,6.82,7.02,1565.53,1246.99,5.85,478.24,6.96,45.68,1363.77,814.60,8.53,7.32,1438.45
18.56,6.12,6.25,1.66,81.73,0.33,4.77,74.40,1.22,22.94,0.63,2.42,6.70,0.07,6.70,1.33,136.97,20.98,72.90,71.98,6.83,6.90,1080.50,1143.23,6.10,408.97,7.20,42.94,1120.80,513.15,8.58,7.71,1344.45
17.32,6.02,5.07,1.04,85.08,0.30,4.64,74.30,0.73,47.75,0.50,2.43,5.26,0.02,7.32,1.54,111.83,20.97,67.36,75.39,7.54,7.09,1367.95,1280.37,5.68,421.03,7.63,32.90,1404.01,999.51,7.42,7.26,1152.69
17.39,6.88,6.10,1.19,85.89,0.32,2.08,76.68,0.86,38.51,0.56,2.36,6.04,0.06,6.63,1.10,152.91,33.02,76.72,82.81,8.50,7.57,1356.70,1458.88,5.96,319.06,7.70,46.66,1140.97,863.56,9.01,7.89,1449.35
15.89,6.05,5.19,1.19,89.06,0.38,4.60,78.99,1.14,22.53,0.53,2.52,5.43,0.05,7.37,1.30,159.02,29.23,77.51,71.16,7.31,7.61,1343.04,1327.43,5.81,332.79,7.35,37.49,1108.16,924.33,8.95,7.71,1219.29
15.14,6.78,6.54,1.11,81.33,1.18,4.96,77.23,1.14,26.50,0.63,2.40,6.28,0.03,7.39,1.44,159.59,30.45,61.77,83.47,7.03,7.42,1191.77,1515.71,6.37,432.38,6.69,45.30,1584.14,684.39,9.62,8.10,1113.46
15.42,6.40,6.81,0.81,86.67,0.43,3.44,75.94,1.07,21.50,0.52,2.60,6.91,0.02,7.09,1.09,152.27,24.19,70.83,81.10,7.11,6.98,1449.83,1113.98,6.75,416.11,6.94,43.78,1120.36,565.69,7.55,6.88,1537.08
18.68,6.15,5.37,1.09,89.14,0.76,2.45,75.59,1.23,15.35,0.64,2.27,6.28,0.02,6.52,1.10,169.30,24.64,62.99,84.47,6.84,7.16,1523.14,1217.73,6.87,461.96,7.32,36.47,1635.72,843.05,9.00,7.82,1361.45
17.67,6.81,6.16,0.79,78.47,0.99,2.53,75.65,1.46,40.08,0.52,2.43,6.87,0.04,6.53,1.16,167.98,22.94,76.41,77.78,8.28,7.32,1361.90,1281.94,5.84,442.47,7.07,42.65,1487.32,875.37,8.21,7.56,1395.83
19.67,6.43,5.78,1.04,81.51,0.28,4.51,75.75,0.96,44.76,0.67,2.23,5.82,0.04,7.30,1.32,146.79,26.43,61.97,75.68,8.49,7.07,1050.20,1245.67,5.55,473.65,6.77,46.56,1473.33,746.69,9.61,6.71,1155.49
19.29,6.37,5.31,1.76,81.79,0.84,3.00,67.58,1.41,46.30,0.69,2.47,5.51,0.04,7.35,1.06,155.34,29.92,74.51,76.83,7.03,7.38,1568.06,1526.54,6.56,366.30,6.92,34.12,1270.62,981.56,8.23,8.50,1561.06
19.78,6.23,5.20,1.87,82.31,0.48,1.84,79.76,0.83,33.55,0.56,2.44,5.90,0.05,6.62,1.44,137.66,33.17,67.29,81.59,8.02,7.01,1208.61,1560.72,6.61,300.88,7.41,32.94,1031.20,646.97,8.86,6.91,1473.59
18.41,6.66,6.22,1.28,81.46,0.96,3.56,80.00,0.79,39.61,0.68,2.25,6.64,0.07,7.04,1.56,143.86,33.72,63.95,77.65,7.13,7.21,1449.94,1417.77,5.15,422.37,6.95,33.18,1590.48,810.12,8.45,7.93,1597.41
15.97,6.40,5.14,1.99,87.84,1.06,3.62,63.01,1.29,25.12,0.58,2.26,6.75,0.05,7.28,1.14,131.80,27.04,74.43,82.84,7.28,7.69,1561.93,1396.84,6.86,446.24,6.63,40.30,1424.41,677.01,9.90,7.98,1145.53
18.40,6.99,5.46,1.99,76.58,0.53,4.40,78.94,1.43,24.11,0.65,2.40,5.44,0.04,7.62,1.25,100.98,34.07,76.17,71.21,7.59,7.63,1275.76,1489.98,5.91,470.62,6.60,32.14,1554.50,767.51,7.67,6.70,1228.72
18.11,6.89,6.59,1.70,86.67,1.02,1.82,76.11,1.13,20.24,0.64,2.48,6.71,0.04,7.05,1.33,113.22,21.78,77.68,84.34,7.80,7.68,1226.51,1399.24,5.95,441.10,6.65,40.51,1586.20,726.54,9.80,7.37,1140.55
15.87,6.74,6.80,1.96,82.29,0.55,4.26,66.17,1.38,33.45,0.66,2.39,5.37,0.06,6.58,1.15,138.94,22.50,68.93,81.52,7.39,7.00,1117.59,1539.41,6.75,495.97,7.44,35.41,1473.42,768.96,7.07,7.80,1069.36
16.40,6.77,5.09,1.14,89.38,0.32,4.84,67.87,1.32,28.33,0.57,2.38,6.88,0.03,6.85,1.27,161.07,28.08,63.02,82.55,8.18,7.00,1194.06,1379.48,5.38,484.99,7.23,32.06,1023.80,744.84,9.97,8.32,1164.44
16.81,6.85,6.03,0.83,84.93,0.73,2.65,77.00,1.41,44.53,0.63,2.24,5.23,0.02,6.85,1.43,134.41,27.13,63.42,71.01,8.01,7.46,1482.84,1282.97,5.84,498.86,6.82,42.61,1418.01,716.95,8.73,7.35,1139.78
19.21,6.32,6.24,1.09,82.73,1.14,1.69,76.43,0.96,42.42,0.66,2.38,5.59,0.06,6.79,1.64,146.92,25.10,73.16,82.26,7.45,7.17,1183.75,1136.93,5.21,306.22,7.02,37.10,1616.35,840.41,8.73,7.15,1233.33
19.93,6.63,5.38,1.74,77.86,0.84,1.58,63.17,1.19,46.78,0.61,2.17,5.72,0.02,6.81,1.13,141.13,18.33,61.44,72.01,7.98,6.84,1559.74,1198.01,5.95,494.55,7.31,31.47,1353.96,832.25,7.93,7.34,1507.44
15.14,6.41,6.27,1.07,83.73,0.96,3.29,65.83,1.08,23.18,0.62,2.58,6.21,0.06,6.73,1.40,120.53,33.13,74.57,84.44,8.25,6.92,1647.20,1587.18,5.02,309.43,7.46,35.12,1498.42,965.41,8.74,7.57,1554.95
17.87,6.53,6.11,1.41,79.29,0.62,4.73,79.93,0.76,17.74,0.53,2.41,6.91,0.06,7.01,1.08,117.25,27.08,62.44,78.71,6.72,7.42,1101.54,1487.65,6.55,332.56,7.65,46.72,1509.83,865.61,7.89,8.11,1568.06
15.17,6.05,6.14,1.66,77.96,0.95,1.94,75.85,1.03,29.04,0.68,2.16,5.33,0.07,7.67,1.41,100.17,29.33,74.01,77.69,7.13,7.05,1490.56,1241.35,5.99,477.44,7.36,37.03,1187.97,582.00,7.60,7.76,1136.72
20.00,6.79,5.41,1.51,87.10,0.63,3.58,79.16,0.71,18.76,0.51,2.38,5.53,0.04,7.38,1.48,124.31,34.35,71.98,78.13,8.05,6.86,1617.84,1504.40,5.54,353.23,7.19,39.58,1402.93,631.51,9.63,7.29,1354.08
19.34,6.79,6.28,0.64,82.06,0.91,3.07,79.62,1.26,41.88,0.57,2.42,6.86,0.05,7.60,1.29,136.04,33.63,73.59,80.36,7.64,7.57,1471.86,1108.40,5.49,371.80,7.65,38.64,1262.68,868.61,8.62,7.08,1385.02
17.80,6.80,6.16,0.53,82.36,0.48,4.17,78.02,0.97,36.06,0.52,2.68,6.19,0.06,6.80,1.42,162.87,24.41,78.58,77.90,8.32,7.65,1309.89,1364.72,6.15,398.69,7.38,37.88,1252.07,816.65,9.39,7.44,1592.37
19.28,6.96,6.79,0.65,85.80,0.85,1.82,70.70,1.13,42.01,0.59,2.50,5.57,0.06,7.43,1.46,158.12,20.69,62.10,71.86,6.71,7.07,1207.24,1232.73,6.17,415.52,6.99,31.54,1558.65,555.06,8.60,7.79,1193.52
18.25,6.05,5.59,1.24,89.37,0.24,4.80,65.17,0.80,35.66,0.68,2.18,5.87,0.04,6.81,1.02,128.30,28.01,75.50,73.66,7.49,7.20,1061.29,1511.38,5.08,344.72,7.48,44.95,1695.24,976.13,9.31,8.33,1524.97
17.21,6.19,6.67,0.64,88.72,0.74,1.92,64.11,0.83,36.41,0.69,2.22,6.20,0.05,6.70,1.17,159.86,26.13,64.14,75.21,7.53,7.55,1501.18,1350.48,6.92,331.85,7.24,41.84,1219.13,693.06,8.10,8.08,1334.57
19.07,6.32,5.46,1.08,87.57,0.75,3.65,61.80,0.92,43.18,0.55,2.66,7.00,0.06,7.39,1.11,112.88,29.51,61.13,73.52,7.79,7.00,1468.62,1190.37,6.03,453.54,7.15,32.00,1500.15,757.10,7.25,7.27,1650.05
16.31,6.96,5.67,0.60,79.69,0.59,2.46,65.35,1.39,43.90,0.64,2.37,5.20,0.03,7.14,1.31,129.41,24.79,71.98,83.26,8.46,6.82,1363.40,1392.81,5.70,313.07,7.56,37.78,1507.19,721.51,8.43,7.94,1645.82
18.84,6.61,6.15,1.42,78.23,0.91,2.93,72.52,1.35,17.47,0.58,2.66,5.58,0.04,6.98,1.05,110.78,28.56,73.83,85.31,7.86,7.47,1136.39,1204.40,6.10,387.61,6.76,38.12,1655.38,623.99,9.03,7.22,1242.47
17.06,6.43,5.69,1.77,78.34,0.58,1.68,69.55,0.97,49.35,0.56,2.69,6.77,0.02,6.74,1.59,131.73,31.46,73.82,75.79,6.50,7.16,1329.26,1469.43,5.58,461.61,7.20,40.37,1213.28,900.69,7.52,8.11,1252.05
19.23,6.42,6.51,1.37,88.66,1.08,4.18,66.98,1.05,45.18,0.53,2.54,5.55,0.05,7.13,1.22,144.17,34.37,70.11,82.27,7.79,6.90,1078.61,1373.72,6.63,444.90,7.11,46.38,1389.12,557.98,9.91,7.91,1491.28
18.31,6.07,5.40,1.83,79.11,0.28,2.89,73.11,0.71,39.13,0.58,2.23,6.28,0.02,6.90,1.52,139.89,27.75,69.41,72.21,8.21,7.14,1309.61,1128.21,5.08,406.40,6.66,43.32,1123.65,686.19,7.58,8.11,1077.91
19.13,6.53,6.90,1.57,77.80,0.22,4.32,72.83,1.37,27.78,0.51,2.50,5.76,0.06,7.55,1.44,135.56,27.36,71.57,72.78,7.48,7.03,1115.33,1410.28,5.37,361.20,6.68,33.88,1248.60,984.43,7.41,8.39,1443.94
17.52,6.49,6.22,1.01,87.94,0.62,3.77,61.92,1.31,38.30,0.53,2.41,6.04,0.06,7.40,1.54,154.01,23.87,75.58,75.88,7.43,6.78,1350.92,1378.94,5.88,325.64,7.01,36.98,1656.33,959.74,9.41,8.05,1271.42
19.90,6.74,5.89,1.35,84.98,1.11,4.72,61.53,0.81,47.63,0.66,2.28,6.48,0.06,6.71,1.39,129.47,26.79,72.94,83.49,7.01,7.13,1350.05,1526.39,6.04,316.13,6.89,45.45,1014.53,552.23,7.03,7.47,1640.63
16.47,6.56,5.64,0.62,85.78,0.91,2.96,68.89,1.24,44.06,0.64,2.30,6.67,0.02,6.55,1.07,111.30,30.51,63.88,78.29,8.11,6.87,1031.51,1112.61,6.81,357.33,7.12,31.12,1212.52,699.92,8.92,8.49,1208.88
15.54,6.41,6.88,0.64,88.04,0.54,4.29,61.66,0.71,31.56,0.60,2.56,5.60,0.06,6.53,1.41,108.82,22.44,78.59,80.06,8.34,7.60,1454.10,1519.80,5.61,387.17,6.90,32.05,1119.18,596.66,8.84,7.41,1175.09
19.86,6.60,5.52,0.64,80.19,1.08,3.13,71.59,0.87,47.67,0.67,2.56,5.63,0.03,7.19,1.46,162.00,24.43,66.55,83.31,7.60,6.97,1570.47,1130.56,6.16,338.97,7.22,42.21,1263.71,988.53,9.10,6.56,1003.49
18.10,7.00,6.69,1.92,86.97,0.78,1.55,75.26,1.17,27.05,0.51,2.35,5.82,0.05,7.27,1.58,100.24,22.78,78.17,80.61,8.17,7.60,1634.16,1222.61,5.68,471.19,7.05,38.15,1453.16,545.72,7.38,6.54,1293.35
18.04,6.35,6.62,1.02,80.14,0.42,2.10,66.25,0.76,20.38,0.64,2.23,5.33,0.06,6.71,1.66,155.59,30.95,70.53,85.94,6.84,7.07,1420.53,1565.93,6.04,355.76,6.84,31.35,1019.37,672.01,8.27,6.88,1381.73
18.77,6.85,5.77,1.03,87.69,1.06,3.05,72.57,0.71,19.00,0.65,2.50,6.20,0.02,6.63,1.07,164.79,30.53,78.65,73.75,6.64,7.06,1192.60,1544.25,6.70,454.34,6.62,37.36,1008.22,826.64,8.09,7.49,1611.00
15.25,6.40,5.06,0.91,76.85,0.59,2.38,65.33,0.73,49.77,0.54,2.69,6.29,0.03,7.55,1.26,135.55,25.00,61.85,83.26,6.97,7.37,1031.62,1213.92,6.16,416.53,6.69,43.74,1322.48,591.98,8.67,7.29,1560.70
19.86,6.39,6.99,1.35,81.72,1.19,3.72,60.64,1.00,28.51,0.57,2.49,6.42,0.02,7.02,1.06,122.11,18.08,68.46,73.67,7.12,6.95,1130.46,1379.34,6.92,353.88,6.75,44.28,1347.48,882.34,7.02,7.55,1255.15
19.38,6.94,6.24,1.26,82.24,1.16,3.07,78.62,1.44,21.56,0.69,2.48,6.57,0.03,7.20,1.32,140.93,19.70,63.39,80.60,6.88,7.38,1469.96,1527.58,6.66,478.51,6.62,40.79,1068.17,899.98,8.96,6.63,1425.73
17.75,6.02,5.09,0.72,77.19,0.93,4.39,74.47,1.35,22.16,0.63,2.68,6.57,0.02,7.08,1.27,132.20,24.64,64.67,84.85,8.16,6.88,1279.27,1297.44,6.10,440.11,6.69,38.26,1480.77,699.82,9.42,6.91,1421.09
18.61,6.71,6.53,1.34,84.91,0.77,3.09,66.76,1.46,37.17,0.52,2.39,5.78,0.02,7.68,1.04,143.48,21.92,76.57,76.86,7.79,6.77,1194.05,1361.19,5.72,313.89,7.38,33.40,1207.25,524.07,7.06,6.56,1264.26
17.23,6.03,6.64,1.89,80.68,1.15,1.65,70.35,0.96,26.17,0.68,2.51,6.85,0.06,6.77,1.50,118.54,22.66,70.12,75.27,7.86,7.64,1379.88,1395.31,5.26,434.68,7.63,41.16,1067.15,785.90,9.92,8.05,1343.81
19.33,6.93,5.37,0.55,88.25,0.78,2.30,68.37,1.29,31.66,0.57,2.63,5.24,0.05,6.82,1.10,123.92,21.47,65.63,77.72,6.55,6.77,1625.69,1481.85,5.43,365.03,7.30,32.25,1664.14,709.74,7.53,8.44,1057.18
18.09,6.34,5.52,1.37,88.76,0.40,2.06,62.15,1.33,44.22,0.53,2.66,6.85,0.05,7.11,1.41,137.29,32.16,74.23,81.04,8.38,7.38,1654.94,1514.97,6.26,377.98,7.52,31.70,1049.92,969.27,7.98,8.10,1144.94
18.32,6.95,5.13,0.73,85.61,0.22,3.42,64.29,0.90,37.62,0.59,2.66,6.37,0.06,7.66,1.52,101.30,29.27,77.24,73.32,6.69,7.23,1229.05,1553.61,6.68,458.78,7.68,37.02,1104.02,783.10,8.38,6.65,1583.72
15.20,6.09,6.18,1.43,88.11,1.07,1.80,75.47,0.81,44.17,0.51,2.45,5.50,0.05,7.00,1.69,163.78,29.98,72.65,73.99,8.43,7.39,1620.50,1399.97,5.43,309.33,7.36,33.83,1386.00,947.47,7.24,7.60,1360.03
19.51,6.33,5.45,0.77,87.64,0.85,2.64,62.29,1.12,21.81,0.52,2.18,6.57,0.03,6.97,1.60,153.96,27.20,75.58,84.67,7.30,7.39,1225.01,1169.27,5.07,429.60,7.60,36.09,1523.37,569.96,7.14,6.89,1000.04
19.08,6.43,5.81,0.66,78.65,0.21,3.58,63.38,0.87,26.90,0.66,2.63,6.01,0.04,6.80,1.65,116.52,25.90,78.76,77.81,8.06,7.24,1293.90,1119.85,5.30,340.24,6.52,37.01,1477.02,687.67,9.11,7.21,1283.96
20.00,6.03,5.26,1.41,77.33,1.20,3.45,75.61,1.46,15.81,0.52,2.51,5.84,0.06,6.59,1.56,145.41,31.94,76.67,74.64,6.90,7.48,1595.48,1192.60,5.84,493.94,6.77,42.10,1508.75,608.39,7.51,6.52,1153.32
19.38,6.37,6.22,1.87,83.23,0.85,3.60,69.20,1.18,20.66,0.58,2.20,6.51,0.02,7.13,1.63,121.62,34.46,77.38,77.31,6.59,7.28,1478.27,1137.15,6.81,353.38,7.51,44.24,1474.79,592.60,8.64,7.57,1379.44
19.23,6.87,5.40,1.23,79.63,0.83,2.29,60.77,1.15,48.81,0.59,2.28,6.38,0.06,7.09,1.27,114.97,21.15,72.88,72.89,7.40,7.57,1370.78,1593.65,6.94,306.78,6.69,33.63,1415.66,587.06,7.40,6.63,1461.60
17.84,6.78,5.84,1.37,76.27,0.21,3.11,71.70,0.83,42.37,0.55,2.51,5.28,0.05,7.67,1.42,145.27,32.82,68.35,74.02,6.68,6.86,1342.06,1201.90,5.26,309.42,7.43,42.11,1003.19,553.18,9.40,8.23,1406.35
19.49,6.75,5.31,0.98,75.00,0.25,3.31,73.47,0.88,38.70,0.52,2.52,5.84,0.05,7.68,1.42,132.10,21.80,70.44,85.47,6.71,6.77,1569.54,1132.41,6.08,373.96,7.54,43.05,1582.43,603.00,8.21,8.15,1319.59
18.18,6.65,5.50,0.55,89.00,0.44,1.60,67.35,0.76,28.90,0.53,2.24,5.79,0.05,7.64,1.02,100.31,20.25,66.13,78.41,7.64,7.09,1057.44,1558.15,6.65,434.74,7.13,31.43,1381.79,720.35,8.07,8.18,1599.52
17.09,6.70,5.47,0.88,84.00,0.59,2.42,76.31,1.30,42.69,0.57,2.35,6.47,0.05,7.34,1.15,165.88,34.97,72.32,73.41,6.67,6.79,1028.99,1103.65,6.72,499.36,6.98,44.45,1094.10,739.90,9.41,7.59,1667.86
18.51,6.69,5.36,0.59,76.64,0.74,4.81,61.58,0.91,29.29,0.53,2.65,5.22,0.04,7.66,1.07,121.03,19.38,61.17,80.04,7.95,7.12,1485.14,1102.22,5.65,318.83,7.28,34.48,1270.52,824.38,9.34,6.78,1072.08
17.44,6.06,6.44,1.62,78.87,0.86,4.63,76.83,1.08,46.18,0.61,2.41,5.68,0.02,6.51,1.65,104.93,32.31,74.19,83.10,7.17,7.24,1198.17,1136.14,5.98,472.42,7.52,46.36,1229.19,624.24,7.06,7.36,1289.38
19.96,6.00,5.28,0.71,85.38,0.35,4.71,78.68,1.12,37.54,0.67,2.27,6.37,0.03,6.62,1.04,155.93,26.46,67.24,80.24,7.06,7.42,1227.01,1136.26,5.89,456.32,7.20,32.71,1405.81,805.31,7.19,8.43,1265.32
15.44,6.74,5.85,0.54,82.56,0.56,4.42,78.99,1.41,34.72,0.61,2.51,5.81,0.04,7.01,1.58,156.62,18.17,73.72,81.12,7.42,7.45,1243.63,1487.98,6.15,486.58,7.07,46.23,1654.67,725.19,8.81,6.83,1511.29
17.54,6.25,6.16,1.66,89.74,1.08,3.79,61.66,0.77,31.12,0.61,2.66,5.58,0.04,6.56,1.69,123.28,23.26,78.12,81.08,7.36,7.70,1501.88,1433.81,6.92,476.47,7.15,44.35,1634.38,952.94,7.12,6.88,1261.88
19.54,6.17,6.08,0.89,79.33,0.28,4.80,65.06,1.38,30.37,0.63,2.20,6.12,0.03,7.52,1.53,108.61,22.35,64.69,77.42,7.61,6.88,1270.49,1178.38,6.15,337.95,6.82,42.62,1463.12,897.34,9.21,8.23,1427.72
19.65,6.05,6.27,0.54,82.19,0.90,4.33,66.04,0.82,22.63,0.56,2.61,5.81,0.02,7.11,1.27,122.94,23.57,71.95,82.80,6.54,6.82,1404.82,1140.03,5.64,302.68,6.55,37.38,1225.21,991.42,9.74,8.06,1436.02
19.59,6.01,6.71,1.31,81.55,0.38,4.33,76.41,1.00,22.86,0.66,2.50,6.04,0.02,7.07,1.10,169.45,34.73,67.97,85.76,7.25,7.37,1527.50,1254.85,5.29,352.34,7.15,32.67,1361.09,807.88,9.46,7.10,1226.29
15.64,6.37,5.21,0.76,88.00,0.68,2.89,65.47,1.49,23.68,0.57,2.41,5.85,0.03,6.90,1.18,161.76,34.81,66.19,71.77,6.51,7.57,1687.12,1377.60,6.00,494.43,6.95,37.35,1478.47,844.26,7.88,7.66,1035.25
18.91,6.02,6.15,1.59,75.45,0.35,2.27,68.86,1.19,23.98,0.59,2.59,6.53,0.06,7.58,1.20,148.97,34.15,64.10,71.23,7.96,6.79,1287.58,1418.07,5.55,301.10,7.39,39.80,1092.83,920.73,7.63,6.75,1605.46
19.36,6.02,6.78,1.50,82.94,0.59,2.54,70.87,0.80,28.60,0.62,2.32,6.19,0.05,6.93,1.38,117.40,26.98,72.27,82.99,6.76,7.28,1174.82,1126.95,6.33,364.83,6.80,31.04,1100.81,745.62,7.35,7.28,1686.16
15.77,6.73,5.39,1.36,81.54,0.61,4.30,69.37,1.35,44.42,0.51,2.37,5.64,0.05,6.90,1.50,159.96,19.58,71.01,85.01,8.07,7.05,1285.30,1489.39,6.74,451.10,6.80,42.70,1055.54,690.69,7.75,7.61,1687.41
17.30,6.64,5.47,0.84,86.53,0.53,2.94,63.49,1.09,40.37,0.59,2.22,6.50,0.04,7.19,1.65,151.83,33.21,78.14,85.13,8.49,7.42,1440.05,1238.07,6.07,406.09,7.68,36.18,1509.19,613.97,9.31,7.37,1090.58
19.08,6.26,6.14,1.11,78.71,0.88,4.27,70.09,0.77,48.28,0.54,2.62,6.32,0.07,7.30,1.62,104.15,27.81,69.17,80.27,8.08,7.29,1028.70,1323.97,6.25,492.31,7.31,36.31,1190.35,710.39,8.03,8.31,1229.64
16.65,6.85,5.83,1.20,80.06,0.49,4.04,79.62,1.44,40.63,0.64,2.57,5.96,0.02,6.71,1.15,142.98,20.77,66.96,84.39,7.98,7.39,1301.43,1546.52,6.70,442.19,7.60,38.27,1503.92,536.86,9.24,8.47,1441.98
16.55,6.19,5.97,1.91,79.84,0.30,3.07,65.57,0.89,31.42,0.66,2.50,5.42,0.05,6.91,1.48,112.54,34.00,61.55,72.09,8.17,7.00,1570.11,1361.13,5.94,335.84,6.78,40.46,1447.09,577.75,8.95,7.41,1294.00
16.28,6.62,6.10,1.74,78.94,1.06,2.98,79.43,0.94,29.69,0.68,2.39,6.26,0.03,6.97,1.38,162.00,20.18,78.03,72.29,7.17,6.91,1326.78,1419.31,6.32,362.25,7.00,34.09,1665.51,934.97,8.92,8.18,1213.54
17.07,6.39,6.44,0.53,83.61,0.75,3.86,69.95,0.93,41.62,0.55,2.64,5.64,0.04,6.75,1.64,119.74,29.18,63.54,86.63,8.41,6.73,1273.72,1279.70,6.92,340.81,7.56,42.54,1192.04,804.11,7.54,8.27,1685.46
15.74,6.38,5.48,0.84,83.80,0.94,2.50,76.93,1.02,42.46,0.57,2.42,5.69,0.03,6.51,1.69,164.55,30.60,73.58,83.46,8.34,6.72,1355.31,1329.33,5.26,428.26,6.66,41.70,1475.04,884.01,9.43,6.56,1545.74
18.18,6.19,6.33,1.69,75.39,0.50,2.82,78.67,1.14,32.26,0.65,2.41,6.36,0.07,6.66,1.11,142.18,31.18,77.65,79.10,7.42,6.94,1286.02,1422.58,5.43,460.09,7.20,33.79,1452.00,654.61,9.37,7.73,1605.91
16.68,6.21,6.63,1.17,86.27,0.85,2.68,74.40,1.30,29.41,0.51,2.55,5.28,0.05,6.93,1.39,148.56,29.18,71.48,85.18,7.10,7.64,1694.07,1234.25,6.02,442.54,7.47,45.45,1142.62,909.85,7.94,7.53,1495.90
17.22,6.28,5.01,1.00,86.19,0.29,2.05,73.95,1.38,20.57,0.57,2.20,5.90,0.06,7.43,1.29,109.46,25.10,77.10,74.08,8.37,7.36,1457.92,1595.04,6.77,477.07,7.14,37.32,1335.22,697.79,7.15,7.60,1174.97
15.73,6.60,5.90,1.63,89.54,0.22,3.45,64.88,0.72,47.33,0.58,2.56,6.90,0.05,6.94,1.08,143.11,23.65,66.72,81.71,6.68,7.47,1549.96,1408.27,5.58,312.83,7.56,32.40,1613.90,813.58,8.77,7.10,1089.12
19.17,6.19,6.84,1.98,83.23,1.07,1.90,63.85,1.32,28.07,0.63,2.57,5.69,0.04,7.31,1.32,107.44,21.40,66.81,85.67,7.83,7.60,1367.26,1409.62,5.93,329.11,6.88,37.97,1152.73,897.86,8.74,7.19,1147.07
17.82,6.75,6.93,1.57,79.47,1.12,4.79,60.26,1.41,18.98,0.57,2.57,6.55,0.03,6.96,1.06,169.92,27.92,70.72,76.26,7.41,7.14,1602.21,1112.41,5.08,414.98,7.63,41.08,1125.34,947.58,8.50,6.56,1210.18
15.77,6.49,6.95,1.07,83.47,0.88,2.75,75.56,1.10,42.47,0.51,2.24,6.71,0.04,7.41,1.58,116.91,18.25,65.19,83.25,7.98,6.80,1038.57,1178.85,5.69,455.22,6.53,44.90,1399.52,667.61,9.80,8.35,1606.20
19.76,6.55,5.31,0.74,89.29,0.50,4.00,66.41,0.85,20.03,0.55,2.27,5.92,0.04,7.01,1.46,126.07,22.98,66.77,75.05,7.64,7.03,1622.23,1487.97,5.43,421.15,6.94,32.70,1032.51,941.29,8.26,7.74,1515.71
18.33,6.15,5.39,1.41,79.29,0.22,2.99,67.93,0.82,45.61,0.61,2.48,6.01,0.04,7.69,1.54,160.89,23.04,77.72,85.26,7.45,6.74,1424.62,1400.96,5.93,301.04,7.61,39.11,1312.86,902.75,8.80,7.28,1624.05
17.28,6.64,5.34,0.59,88.73,0.63,3.48,66.57,1.16,43.09,0.62,2.64,6.32,0.05,7.32,1.11,142.08,28.73,76.23,84.07,7.47,7.69,1089.59,1198.97,6.77,302.58,7.32,40.84,1465.00,791.84,7.78,7.85,1028.26
18.38,6.60,6.24,1.10,89.61,0.59,4.58,72.91,0.76,16.23,0.65,2.59,5.59,0.06,7.43,1.21,138.05,20.18,67.02,77.18,7.43,7.50,1020.74,1250.04,6.24,302.86,7.38,31.71,1038.32,697.18,8.50,8.00,1353.39
19.23,6.88,6.02,0.64,80.01,1.14,2.14,69.84,1.13,40.61,0.54,2.25,6.46,0.06,6.73,1.16,124.20,30.57,72.69,76.80,8.19,7.52,1002.51,1162.18,5.99,432.94,6.86,32.82,1458.61,507.50,8.24,7.09,1298.58
15.07,6.69,6.97,0.87,89.52,0.94,4.63,72.75,1.00,47.39,0.54,2.41,6.73,0.02,6.65,1.09,164.60,28.81,71.34,77.21,7.33,7.05,1523.07,1142.91,6.93,367.62,7.11,40.63,1432.08,739.98,7.93,7.12,1603.95
17.03,6.15,5.43,1.28,83.17,0.25,4.79,75.42,0.73,22.85,0.51,2.62,5.65,0.05,7.08,1.42,100.99,33.49,63.09,81.52,7.54,7.49,1361.86,1353.22,5.64,326.19,7.63,39.32,1512.23,938.14,9.80,7.76,1290.29
15.13,6.93,5.99,1.15,79.54,0.49,3.50,61.03,0.86,39.91,0.53,2.19,6.56,0.04,7.34,1.64,163.35,32.36,61.57,78.38,8.45,7.01,1358.92,1167.27,6.28,315.31,7.39,41.26,1254.43,929.57,7.63,7.18,1309.38
17.11,6.48,6.32,1.08,89.45,0.97,4.38,67.12,0.85,17.96,0.59,2.48,5.51,0.04,6.54,1.16,106.20,31.20,78.85,82.89,7.90,7.25,1111.26,1562.14,6.58,383.24,7.31,37.98,1356.35,934.92,7.11,6.96,1580.63
18.28,6.36,5.57,0.58,89.74,0.75,3.71,79.21,1.43,44.89,0.56,2.37,5.72,0.07,7.16,1.58,166.02,30.61,71.65,77.54,7.04,7.42,1414.46,1472.24,5.51,481.54,6.89,43.16,1617.58,841.92,8.06,8.38,1346.58
17.85,6.25,5.75,1.39,81.48,1.17,1.97,68.55,0.86,47.77,0.66,2.62,6.41,0.02,7.38,1.23,119.36,21.94,68.19,79.63,7.49,7.34,1681.87,1479.39,5.11,448.16,6.90,33.71,1056.56,584.45,7.69,8.15,1344.58
17.39,6.12,5.65,1.85,85.58,1.07,3.27,78.73,0.84,36.59,0.62,2.60,5.22,0.06,6.71,1.09,169.55,22.03,73.92,75.66,7.99,7.54,1364.53,1428.22,5.27,379.16,7.48,33.30,1525.85,500.92,8.91,8.49,1653.70
18.30,6.17,6.72,1.02,86.32,0.26,4.77,77.83,1.10,35.48,0.67,2.64,6.61,0.06,7.13,1.23,162.76,33.44,77.50,81.23,8.45,7.70,1271.73,1153.89,5.99,366.59,7.55,35.82,1360.83,501.16,8.26,8.12,1053.36
18.63,6.48,5.42,1.69,88.78,0.66,2.83,73.75,0.82,18.29,0.51,2.27,5.66,0.02,7.32,1.67,120.83,34.97,69.75,73.26,7.97,7.10,1575.46,1504.65,5.99,427.37,6.81,34.59,1673.46,543.17,9.43,7.71,1458.27
17.67,6.33,5.57,0.86,88.02,1.15,2.60,79.01,1.47,45.18,0.70,2.55,5.98,0.02,7.37,1.53,154.13,30.64,67.08,75.99,7.98,7.47,1291.47,1571.37,5.71,437.08,7.40,44.92,1587.51,827.30,9.78,7.01,1580.05
17.72,6.29,6.40,1.30,83.69,0.71,3.47,62.29,1.45,45.91,0.52,2.50,5.17,0.02,7.13,1.01,149.45,18.73,61.84,85.27,7.96,6.79,1269.49,1312.21,5.56,320.08,7.57,45.02,1521.53,637.27,7.93,8.06,1415.19
15.31,6.17,6.18,0.76,80.06,1.07,4.74,72.43,1.16,19.17,0.60,2.34,6.38,0.04,7.54,1.62,135.87,31.64,66.14,80.56,8.35,6.86,1094.39,1153.62,5.64,488.45,6.63,43.78,1223.57,956.79,9.26,8.21,1120.56
17.93,6.61,5.15,1.19,78.34,0.72,4.02,79.70,0.75,44.71,0.55,2.17,6.15,0.06,6.85,1.29,108.61,19.27,65.64,72.70,6.99,7.06,1567.28,1365.46,6.61,379.68,7.60,39.00,1322.05,574.61,8.07,8.46,1174.91
16.15,6.43,5.27,1.56,80.21,0.86,3.48,67.80,1.47,37.38,0.70,2.68,5.80,0.04,6.87,1.59,106.09,30.43,66.62,82.61,8.33,7.11,1556.02,1356.78,5.60,357.97,6.93,43.58,1674.56,779.06,7.68,7.45,1612.73
15.20,6.99,5.36,1.34,86.59,0.77,2.97,71.32,1.23,42.35,0.70,2.60,6.55,0.04,6.84,1.66,139.41,28.12,64.51,81.56,7.52,6.88,1569.68,1507.91,6.03,339.63,7.44,35.79,1252.88,814.39,7.80,7.14,1188.56
17.85,6.76,5.76,1.82,87.22,1.18,4.21,65.38,0.88,16.59,0.63,2.56,5.77,0.03,7.23,1.07,126.51,34.13,77.85,74.75,7.42,7.07,1571.69,1162.06,6.79,382.69,6.59,38.56,1102.82,759.11,8.08,6.73,1354.75
19.01,6.38,5.12,2.00,87.84,0.45,2.94,74.40,1.18,38.40,0.56,2.45,6.86,0.06,7.32,1.55,162.17,32.26,65.79,84.95,7.99,7.16,1112.74,1569.62,5.36,346.12,7.67,35.06,1562.06,525.11,9.01,7.02,1675.82
19.20,6.96,6.34,1.36,76.37,0.71,3.29,62.69,1.22,39.40,0.61,2.66,6.36,0.03,7.51,1.53,149.66,28.67,67.22,86.03,6.98,7.39,1325.91,1135.19,6.44,392.06,6.72,46.04,1598.56,559.11,7.31,6.93,1207.30
16.54,6.08,6.12,0.94,80.27,1.00,4.15,66.96,1.12,43.82,0.66,2.62,5.36,0.03,7.08,1.14,168.64,29.50,61.15,80.78,7.99,7.27,1355.87,1290.71,5.33,464.37,6.58,39.47,1293.84,698.05,7.28,6.66,1619.81
17.27,6.03,5.45,1.61,87.75,0.79,3.02,70.29,0.88,25.12,0.52,2.50,5.49,0.02,6.75,1.04,164.68,19.93,71.45,78.26,7.04,7.20,1137.21,1195.99,5.35,380.64,7.00,33.52,1030.49,940.87,9.66,7.75,1663.27
17.58,6.40,5.29,1.81,85.48,0.34,4.53,67.96,0.73,41.38,0.62,2.47,6.36,0.07,7.33,1.26,111.45,34.95,61.68,73.10,6.87,7.15,1588.87,1300.07,6.42,454.96,6.66,38.31,1261.95,817.30,8.74,8.38,1679.11
15.09,6.34,6.97,0.63,81.61,0.48,2.06,62.37,1.31,46.09,0.61,2.66,6.22,0.04,7.18,1.48,164.80,25.01,62.53,78.49,7.45,7.28,1697.86,1530.85,6.83,362.07,6.75,43.27,1308.49,853.73,8.69,6.71,1475.95
16.44,6.87,6.60,1.00,80.33,0.25,3.12,61.99,1.39,35.27,0.61,2.35,5.70,0.03,7.44,1.10,158.04,22.85,61.64,81.30,6.88,7.30,1628.76,1381.21,6.28,377.76,6.80,38.18,1208.37,844.56,9.31,7.41,1582.40
18.68,6.80,5.32,1.88,75.43,0.84,3.45,70.83,1.18,28.06,0.51,2.65,6.47,0.04,6.53,1.30,156.66,34.35,77.45,72.63,7.62,6.94,1066.56,1344.64,5.87,384.50,6.88,46.02,1086.24,772.78,9.20,8.38,1027.21
16.62,6.84,5.85,1.37,88.91,0.64,3.40,60.16,1.01,41.83,0.58,2.26,6.22,0.04,7.10,1.68,147.58,29.73,71.08,72.79,7.85,7.34,1105.13,1264.46,6.45,460.94,6.70,39.96,1398.04,949.33,7.28,6.67,1308.87
15.26,6.31,5.24,1.03,88.54,0.95,2.85,63.21,0.98,48.86,0.62,2.64,5.75,0.07,6.89,1.21,153.73,18.02,74.56,79.57,7.15,7.24,1284.78,1401.64,6.69,329.37,6.61,45.02,1013.19,681.93,9.65,8.36,1113.67
18.33,6.24,5.13,0.97,83.93,0.94,1.67,77.01,1.19,34.21,0.58,2.22,6.41,0.02,7.16,1.64,133.87,33.13,76.83,81.86,8.24,6.76,1409.92,1544.77,5.80,425.66,6.70,38.69,1040.68,760.45,7.25,7.01,1228.86
18.18,6.52,5.14,1.93,82.33,0.95,2.92,70.01,1.21,38.12,0.63,2.25,5.77,0.06,6.80,1.12,157.17,27.15,78.08,74.98,8.49,7.01,1071.96,1494.95,6.66,376.00,7.28,32.52,1045.14,920.70,7.99,8.08,1354.17
18.53,6.80,6.45,1.15,80.65,0.52,3.36,66.70,1.05,28.98,0.54,2.39,5.47,0.07,6.89,1.12,142.22,19.73,71.37,81.63,7.75,7.59,1325.41,1218.97,6.18,352.29,7.05,32.95,1116.06,619.07,9.22,8.06,1455.98
19.89,6.23,5.33,1.07,87.45,0.89,2.59,65.66,1.05,23.66,0.64,2.49,5.26,0.03,7.33,1.54,148.14,24.96,64.74,71.92,7.10,6.96,1262.71,1404.71,5.83,372.67,7.30,31.79,1201.77,630.36,9.28,6.95,1121.06
15.61,6.63,6.54,1.50,88.72,0.31,2.13,76.86,1.19,40.04,0.65,2.63,6.69,0.06,7.02,1.12,112.41,27.77,65.77,77.11,7.93,6.90,1073.92,1455.23,5.48,357.84,7.11,37.03,1487.49,543.46,7.79,8.37,1204.63
18.95,6.20,6.12,0.74,76.64,0.41,1.84,66.92,1.28,30.23,0.70,2.66,6.46,0.06,7.69,1.12,145.46,20.98,75.58,79.52,6.53,6.76,1659.59,1350.98,6.41,490.26,7.52,44.70,1419.52,995.40,7.16,7.34,1092.72
15.30,6.20,6.18,1.91,89.40,0.65,1.69,74.65,1.38,19.74,0.50,2.28,6.02,0.03,7.31,1.61,128.41,20.46,69.21,80.26,8.45,7.14,1034.66,1317.07,5.05,423.13,6.53,39.81,1467.75,709.07,8.13,7.62,1168.29
17.34,6.79,6.86,0.95,79.94,0.98,3.94,75.09,1.01,34.55,0.56,2.31,6.59,0.07,7.54,1.05,118.94,25.63,76.33,86.69,7.15,7.43,1590.14,1319.97,6.23,468.70,6.70,46.27,1202.31,540.30,8.85,6.81,1355.72
19.71,6.99,5.96,0.63,82.77,0.87,2.38,66.90,1.27,47.52,0.58,2.67,5.52,0.06,7.35,1.17,114.59,19.85,76.64,75.13,7.28,7.22,1348.02,1532.47,6.77,391.51,6.92,43.13,1019.45,809.22,9.07,7.57,1269.86
15.71,6.16,5.83,1.63,76.16,1.03,4.62,76.62,0.75,40.24,0.59,2.23,5.84,0.05,7.61,1.20,136.75,28.52,76.96,72.80,8.08,7.38,1271.99,1352.21,6.84,330.59,7.04,33.22,1363.70,856.35,8.83,7.19,1680.28
17.11,6.79,6.95,1.28,84.23,0.27,4.69,78.11,0.81,25.50,0.65,2.61,6.55,0.05,7.06,1.09,136.78,29.92,71.48,81.93,7.72,7.19,1277.87,1125.53,6.16,494.40,6.87,46.42,1513.29,573.75,9.55,6.96,1305.89
17.29,6.15,5.79,0.77,88.09,0.47,1.73,63.03,0.98,32.08,0.57,2.46,5.39,0.02,7.20,1.42,151.82,29.15,73.97,84.63,8.12,7.35,1466.64,1121.46,5.77,415.36,6.93,37.24,1167.32,511.80,9.11,7.58,1102.65
18.97,6.81,5.43,1.91,84.48,1.19,3.38,63.64,1.46,47.86,0.59,2.20,6.90,0.02,6.65,1.15,135.76,29.71,66.55,76.81,7.70,7.28,1438.48,1229.81,6.58,313.32,6.56,41.89,1389.51,753.64,7.31,8.27,1217.13
16.29,6.53,5.63,0.61,84.30,0.39,1.96,62.68,1.00,34.14,0.52,2.49,5.20,0.06,7.09,1.28,157.94,26.75,75.18,80.74,8.31,7.65,1604.70,1514.59,6.55,331.12,7.69,42.10,1112.85,779.53,8.46,8.41,1109.29
16.16,6.01,6.56,1.32,78.72,0.92,2.88,76.16,1.08,28.42,0.69,2.43,5.46,0.03,7.08,1.42,112.59,27.11,75.62,84.91,7.35,6.88,1198.30,1215.82,5.13,473.83,6.67,37.96,1314.33,928.50,7.01,7.19,1201.43
15.84,6.89,6.68,1.47,80.71,0.65,3.50,61.29,1.37,26.09,0.53,2.66,6.23,0.04,7.63,1.24,140.01,28.35,65.84,71.56,7.73,7.41,1367.11,1324.38,5.02,312.38,7.66,41.53,1561.80,908.29,8.83,6.68,1688.01
15.04,6.63,6.81,1.94,79.80,0.67,4.88,74.88,0.85,24.58,0.57,2.39,6.24,0.05,7.52,1.18,105.84,21.79,78.83,82.15,6.68,7.18,1553.84,1224.08,6.64,351.26,6.95,40.33,1304.46,772.12,8.72,7.51,1243.47
17.71,6.50,5.47,1.96,88.70,0.27,4.87,62.97,1.04,40.93,0.70,2.38,5.69,0.03,6.95,1.12,117.09,19.99,61.78,83.97,7.78,7.47,1280.70,1294.86,5.27,396.09,7.47,39.79,1272.14,863.75,7.81,8.00,1562.36
15.67,6.67,5.37,0.63,86.09,0.39,3.64,75.99,0.98,39.91,0.54,2.58,6.18,0.02,6.92,1.32,128.84,19.44,68.47,84.76,7.91,7.38,1384.55,1128.63,6.67,429.54,7.50,46.03,1571.76,891.44,7.23,7.84,1560.15
18.08,6.51,6.98,1.97,75.34,1.11,3.86,60.67,1.12,49.41,0.68,2.44,5.68,0.05,6.86,1.11,123.58,24.40,68.55,74.24,6.94,7.68,1611.15,1176.68,5.60,314.96,7.46,32.43,1123.44,550.49,9.98,7.92,1386.91
18.84,6.46,5.22,1.79,89.40,0.90,4.53,63.67,1.33,16.30,0.58,2.53,5.60,0.06,7.10,1.26,141.27,32.77,72.99,86.17,7.56,7.56,1034.27,1473.40,6.34,410.38,6.98,43.09,1202.46,650.62,9.36,7.17,1506.24
15.18,6.61,5.97,1.58,79.50,0.71,2.73,62.13,0.85,43.29,0.66,2.48,6.57,0.04,7.04,1.10,116.04,23.14,77.55,83.28,7.22,7.66,1093.65,1429.27,5.63,484.90,6.59,36.16,1471.31,719.76,9.65,6.99,1659.01
19.46,6.47,6.60,1.94,77.50,0.26,3.57,67.05,0.91,28.02,0.62,2.39,6.08,0.05,6.89,1.24,138.68,31.94,65.99,78.70,7.51,7.58,1121.96,1249.77,6.82,367.20,7.27,37.08,1236.24,969.48,8.36,7.20,1282.68
17.94,6.88,6.69,1.43,83.00,0.24,3.35,76.89,1.10,40.54,0.69,2.52,6.27,0.07,7.36,1.52,138.43,22.45,78.71,76.31,6.60,7.31,1593.66,1185.83,6.37,360.84,6.66,43.74,1493.17,696.35,7.66,8.03,1205.05
16.02,6.27,5.93,0.85,75.27,0.66,2.54,76.07,1.06,17.49,0.65,2.56,5.66,0.07,7.38,1.56,158.24,24.83,71.78,78.34,7.96,6.91,1054.87,1495.16,5.75,385.09,7.09,37.24,1336.14,789.45,9.31,6.78,1699.13
16.17,6.98,5.83,0.62,76.96,0.35,3.99,63.84,1.22,15.14,0.66,2.45,5.45,0.07,7.37,1.65,162.76,32.88,70.78,81.47,8.19,7.64,1306.09,1572.73,6.97,380.61,7.17,37.99,1440.34,998.22,8.23,7.93,1179.60
15.57,6.39,5.01,1.38,87.90,0.88,4.91,76.93,1.36,46.68,0.66,2.37,5.53,0.04,7.12,1.06,109.96,30.42,64.67,84.71,6.65,6.97,1021.44,1302.14,5.72,310.16,7.12,41.11,1591.02,670.88,9.87,7.41,1191.79
16.91,6.18,5.30,1.46,89.93,0.44,2.30,73.98,1.28,22.99,0.52,2.45,6.56,0.02,7.03,1.59,162.98,27.72,72.78,86.62,7.52,7.61,1091.90,1507.70,5.63,351.51,7.58,32.78,1195.15,507.54,7.20,7.72,1313.14
17.81,6.08,6.87,1.15,84.99,0.47,2.70,77.94,1.19,23.42,0.68,2.54,6.42,0.02,6.66,1.31,113.08,22.94,71.99,76.29,7.71,7.13,1289.94,1363.19,5.15,499.46,7.17,36.60,1441.71,511.58,8.10,7.12,1586.72
15.85,6.71,5.37,1.67,80.40,0.65,4.65,60.08,0.81,39.88,0.61,2.45,5.63,0.05,6.97,1.57,153.46,29.17,62.46,73.53,8.08,6.96,1131.43,1390.72,5.85,399.54,7.19,33.51,1049.88,688.89,9.40,7.23,1543.81
18.49,6.96,5.35,1.55,87.89,0.54,3.95,76.74,1.12,43.45,0.61,2.23,6.81,0.03,7.45,1.47,159.63,24.23,76.93,73.87,7.98,6.83,1456.44,1440.05,6.18,398.83,7.59,41.82,1590.80,671.97,7.98,7.49,1104.47
15.23,6.53,5.84,1.19,75.82,0.72,1.75,60.66,1.36,35.79,0.58,2.44,5.79,0.04,7.21,1.39,100.20,18.80,67.11,77.66,6.53,7.04,1645.07,1362.28,6.33,401.67,6.70,31.45,1394.72,660.84,8.25,7.90,1351.37
17.52,6.47,6.76,1.97,76.38,1.04,4.17,60.11,1.19,23.21,0.51,2.60,6.84,0.07,7.37,1.18,117.07,21.03,64.60,83.30,8.32,7.61,1325.38,1166.24,5.58,490.17,7.32,42.73,1604.26,961.92,8.19,8.12,1192.79
17.89,6.82,6.64,1.67,76.17,1.10,2.01,61.03,1.37,31.88,0.57,2.56,6.71,0.03,6.97,1.41,104.65,20.29,74.84,77.58,7.86,7.70,1519.35,1151.12,6.39,322.07,7.18,32.32,1574.40,776.73,9.20,7.99,1662.60
18.74,6.80,5.41,1.98,85.27,0.27,2.64,78.46,1.05,45.40,0.68,2.38,5.52,0.02,6.76,1.53,119.81,27.10,66.71,82.61,6.77,7.62,1247.27,1417.52,6.32,304.03,7.10,40.41,1324.42,995.76,8.95,7.35,1454.01
16.36,6.81,5.97,1.92,81.94,0.70,4.93,66.70,0.73,30.79,0.69,2.48,6.34,0.06,7.13,1.62,107.48,25.72,76.57,76.51,6.75,7.62,1480.57,1556.32,6.96,315.02,7.61,38.38,1443.63,777.53,8.73,6.81,1659.85
19.26,6.60,5.91,0.57,76.83,0.34,4.05,60.40,1.22,26.22,0.61,2.26,5.57,0.05,7.48,1.26,152.47,19.66,65.15,71.09,7.87,7.28,1282.59,1581.29,6.63,480.59,6.85,45.38,1636.65,955.42,7.25,7.84,1537.68
17.74,6.21,6.15,1.46,79.13,0.60,1.87,62.42,1.08,33.72,0.67,2.57,6.61,0.03,7.03,1.59,112.56,23.10,73.40,86.01,6.52,7.43,1556.86,1176.91,6.74,360.46,7.10,38.11,1480.25,933.66,8.30,8.13,1567.57
16.69,6.99,6.20,1.26,89.00,0.90,4.67,78.25,1.14,27.40,0.67,2.53,5.97,0.03,7.32,1.20,105.02,29.70,67.81,79.44,6.93,7.51,1206.06,1569.19,5.39,466.81,6.76,42.97,1476.22,675.31,8.85,8.41,1187.75
19.92,6.62,5.97,1.83,81.99,0.66,3.04,69.89,1.33,47.39,0.65,2.30,6.06,0.03,6.56,1.06,144.21,22.56,74.62,86.57,6.83,7.33,1459.88,1512.24,5.97,461.63,7.49,38.33,1269.42,681.27,9.25,7.25,1642.50
17.07,6.17,5.59,1.53,82.26,0.32,4.73,62.57,1.12,35.56,0.63,2.29,6.22,0.04,7.59,1.45,108.04,34.63,75.14,82.19,7.38,7.23,1043.68,1580.56,5.14,452.71,7.40,46.46,1216.07,640.24,8.13,7.56,1170.96
15.28,6.25,5.57,0.66,81.37,0.95,3.70,79.46,1.43,36.73,0.63,2.18,6.16,0.04,6.57,1.04,144.05,27.24,74.09,80.79,8.14,7.13,1394.64,1453.50,5.29,315.42,6.60,40.64,1306.75,878.45,9.22,7.03,1163.18
15.09,6.19,6.26,1.48,77.55,1.10,4.19,75.75,1.01,36.27,0.62,2.61,6.94,0.03,7.31,1.39,105.38,21.21,72.46,82.37,8.45,6.75,1607.57,1443.79,5.54,401.98,7.07,44.50,1371.06,806.47,8.14,7.89,1293.87
16.95,6.94,5.28,1.65,89.62,0.87,4.33,70.00,1.47,43.03,0.63,2.64,5.49,0.02,7.17,1.27,103.46,21.01,70.78,84.38,7.53,7.39,1398.03,1408.25,6.61,371.33,6.53,31.85,1195.02,859.44,8.86,8.13,1654.73
17.89,6.41,6.81,0.72,84.27,0.70,1.74,73.66,1.17,21.66,0.57,2.59,6.04,0.07,6.59,1.12,112.98,31.73,71.60,74.74,7.22,7.66,1498.05,1463.41,6.99,375.80,6.85,35.41,1188.65,974.08,7.86,6.61,1489.59
19.19,6.12,5.18,1.88,87.91,1.18,4.65,64.25,1.34,25.75,0.55,2.16,6.30,0.05,7.55,1.41,111.36,19.78,61.15,76.12,8.28,7.61,1245.71,1343.94,6.33,430.75,6.69,43.02,1428.41,976.92,8.72,6.63,1509.01
15.68,6.64,5.85,1.94,76.30,0.35,2.37,65.02,0.75,18.01,0.68,2.69,5.76,0.06,6.69,1.31,146.02,21.23,64.22,81.62,6.99,6.93,1025.08,1502.37,6.16,376.12,7.27,44.78,1438.80,518.27,9.69,6.50,1153.71
18.29,6.16,6.47,0.86,75.46,0.68,3.28,78.75,1.11,47.66,0.62,2.30,6.30,0.04,7.46,1.09,103.08,32.63,71.38,72.49,6.67,7.43,1334.37,1248.30,6.60,495.95,7.20,38.13,1243.63,936.12,8.25,6.67,1136.11
18.78,6.61,6.53,1.30,89.67,0.96,1.95,62.58,0.79,36.23,0.67,2.57,5.68,0.06,6.99,1.18,108.27,23.62,62.57,85.32,7.71,7.30,1331.64,1283.82,6.43,438.83,6.73,32.28,1200.37,640.38,9.26,7.12,1187.79
18.32,6.46,5.41,0.88,81.81,0.57,4.38,74.22,0.97,22.98,0.69,2.54,5.97,0.02,7.08,1.57,157.04,27.70,74.50,79.39,6.99,7.44,1477.76,1326.47,5.57,386.96,7.60,41.49,1155.92,727.72,8.80,7.51,1617.22
19.89,6.56,6.95,1.30,82.63,0.40,4.30,76.90,1.29,25.76,0.51,2.27,6.26,0.07,7.27,1.13,160.43,32.42,64.43,75.08,8.49,7.50,1477.26,1221.89,6.41,333.86,6.62,32.68,1630.44,648.22,8.48,7.36,1513.78
18.00,6.38,5.82,0.63,88.89,0.29,2.00,78.85,1.18,16.40,0.54,2.65,6.72,0.07,6.90,1.68,104.81,30.96,69.71,81.24,8.49,7.49,1594.86,1115.26,6.41,449.14,6.61,37.27,1053.62,789.34,8.30,8.08,1152.69
19.14,6.76,6.26,1.74,87.09,0.82,2.21,61.26,1.39,41.84,0.53,2.62,6.78,0.05,7.01,1.61,148.55,22.46,71.98,80.07,6.86,6.76,1241.90,1172.99,6.37,322.82,6.86,39.83,1066.10,630.38,7.61,7.03,1432.53
18.92,6.53,6.34,1.63,82.90,0.78,3.81,76.98,0.96,49.35,0.58,2.33,6.86,0.02,6.95,1.22,123.67,31.98,72.72,77.20,7.68,6.75,1612.90,1308.13,6.82,323.19,6.90,39.68,1386.84,663.76,9.08,6.75,1000.54
19.05,6.31,5.73,0.79,83.37,0.71,2.20,75.57,0.74,22.01,0.59,2.66,6.35,0.03,7.69,1.51,140.29,19.23,71.89,75.06,7.67,7.11,1509.29,1480.25,6.88,349.27,7.06,46.38,1000.41,982.27,7.84,8.41,1217.06
15.72,6.94,6.75,1.13,80.69,0.93,2.99,73.76,1.41,31.04,0.51,2.17,6.13,0.04,7.53,1.54,151.70,19.41,63.11,80.41,7.52,7.44,1357.82,1577.99,6.44,335.55,7.49,38.25,1486.02,644.84,9.25,6.53,1594.45
16.29,6.50,5.16,1.21,82.83,0.71,1.54,67.76,0.93,19.41,0.61,2.37,6.21,0.04,7.62,1.12,150.73,18.84,74.18,71.44,7.01,7.53,1649.05,1394.39,5.94,374.03,6.77,36.19,1424.87,529.99,8.58,6.86,1123.29
18.65,6.69,6.93,1.88,89.32,1.03,3.96,70.50,1.26,44.34,0.55,2.47,6.58,0.04,6.57,1.40,146.86,23.01,62.40,72.46,6.58,6.76,1273.92,1189.17,5.57,423.52,7.57,35.28,1119.88,810.07,8.59,8.25,1388.60
15.43,6.53,5.48,0.56,79.43,1.19,4.04,68.93,0.75,28.36,0.50,2.49,5.26,0.07,7.48,1.28,135.19,21.98,69.39,71.37,7.78,6.78,1344.08,1281.84,6.35,371.45,6.75,33.61,1664.77,944.34,7.95,6.62,1304.02
16.63,6.29,6.19,1.63,75.32,0.36,4.83,62.57,1.24,44.80,0.66,2.26,5.79,0.04,7.46,1.30,143.63,33.22,76.98,79.97,7.12,7.47,1369.39,1284.40,6.99,360.22,6.73,40.74,1103.12,731.38,9.43,7.30,1432.70
19.91,6.14,5.93,1.63,77.01,0.53,2.26,78.12,1.30,41.10,0.67,2.48,5.77,0.06,7.39,1.09,148.53,25.25,65.72,78.84,7.83,7.11,1671.79,1165.99,6.72,378.44,7.58,37.41,1228.35,809.17,9.40,7.26,1557.99
19.00,6.96,5.74,0.91,89.26,0.67,3.53,68.09,1.06,42.66,0.50,2.70,5.44,0.05,7.58,1.69,122.03,33.37,66.11,79.09,7.76,6.74,1584.17,1549.60,6.13,423.15,7.59,35.27,1314.54,831.90,9.59,8.29,1671.25
18.65,6.97,5.43,1.73,83.98,0.82,2.58,78.86,0.92,39.13,0.57,2.60,5.24,0.04,7.45,1.11,125.77,31.81,70.26,71.90,8.32,7.67,1625.11,1393.32,6.95,429.66,6.89,45.53,1635.67,993.31,9.96,8.02,1179.15
18.04,6.11,5.29,1.09,78.45,1.07,3.06,65.71,1.16,41.61,0.53,2.34,5.62,0.06,7.58,1.14,129.67,22.14,73.29,81.48,7.79,7.18,1669.50,1294.32,5.77,494.07,6.98,35.41,1682.81,597.53,7.06,7.87,1618.73
17.20,6.47,5.61,1.68,78.03,1.03,1.55,79.11,1.15,23.43,0.58,2.55,5.21,0.06,7.13,1.30,134.83,34.59,63.06,71.49,7.51,6.75,1583.39,1491.80,5.56,305.72,6.73,41.23,1150.97,510.38,8.26,7.28,1532.27
16.00,6.57,6.87,0.76,86.45,0.53,3.65,74.11,1.20,26.59,0.62,2.16,5.93,0.02,7.11,1.11,139.57,23.22,76.33,71.05,6.74,7.15,1017.10,1296.61,6.22,311.80,7.51,35.26,1054.66,696.40,9.40,6.61,1667.21
17.28,6.25,5.49,0.90,77.57,0.44,1.59,68.15,1.39,39.45,0.64,2.34,6.18,0.06,7.55,1.50,101.76,28.20,66.22,78.10,8.09,7.31,1578.53,1303.93,6.64,406.27,7.14,39.33,1569.07,745.65,8.94,7.14,1674.90
19.40,6.97,5.65,1.55,77.29,0.75,2.99,61.93,1.23,21.67,0.69,2.47,6.89,0.03,7.06,1.40,135.18,19.38,70.24,85.65,6.93,6.78,1456.35,1452.28,6.14,405.42,6.85,45.92,1488.84,566.06,7.76,7.08,1099.99
18.14,6.77,5.49,1.12,81.84,0.46,4.85,63.26,1.46,15.68,0.57,2.39,6.74,0.04,6.90,1.09,124.55,28.03,69.63,86.58,7.67,7.24,1427.65,1232.57,6.92,425.08,7.29,45.13,1220.67,836.50,8.91,6.72,1625.18
16.74,6.51,5.42,0.70,87.67,1.17,4.59,61.64,0.84,22.58,0.66,2.40,5.74,0.02,6.57,1.51,144.97,19.77,77.97,72.41,8.44,7.31,1101.38,1425.95,5.67,419.16,6.71,46.16,1253.99,660.38,8.62,7.21,1190.42
15.57,6.76,6.89,1.80,76.49,0.51,4.97,61.82,0.80,16.95,0.58,2.28,6.05,0.03,7.31,1.55,147.11,28.19,62.04,86.29,7.98,7.29,1546.35,1122.43,5.82,385.16,6.63,42.24,1273.63,689.51,9.10,6.75,1390.86
16.78,6.49,6.19,1.03,78.20,0.50,3.75,67.32,1.48,37.63,0.68,2.24,5.26,0.05,7.38,1.24,109.97,23.68,74.46,80.58,7.03,7.17,1352.93,1449.26,5.48,386.68,7.08,44.80,1502.60,701.43,8.55,6.68,1216.68
18.76,6.87,6.21,0.94,75.96,0.41,2.80,75.11,1.07,18.36,0.63,2.25,6.72,0.06,7.01,1.32,164.41,30.32,63.67,86.34,7.79,7.34,1542.11,1440.46,6.72,401.23,7.53,46.68,1670.86,746.72,8.84,7.03,1342.22
16.96,6.45,5.46,1.10,76.38,1.13,1.89,78.70,1.17,46.74,0.64,2.49,5.97,0.02,7.23,1.54,113.79,18.84,73.63,75.00,7.94,7.31,1185.02,1183.09,6.39,488.14,6.81,36.81,1545.54,667.34,9.47,7.71,1064.29
16.64,6.12,6.20,1.51,89.66,1.19,3.14,62.93,1.28,32.89,0.52,2.39,6.56,0.04,7.53,1.11,119.90,29.34,67.24,83.65,7.80,7.19,1681.17,1581.78,5.75,431.44,7.67,46.41,1104.35,602.26,8.00,7.03,1286.51
16.04,6.67,6.95,0.73,84.87,0.25,3.25,64.93,1.33,30.17,0.68,2.36,5.26,0.04,7.69,1.37,130.76,24.49,69.73,80.36,7.60,6.95,1252.91,1545.41,6.89,459.76,7.46,38.51,1636.55,743.54,8.68,6.73,1677.64
15.40,6.58,6.30,0.89,79.17,1.11,1.84,61.93,0.74,17.54,0.59,2.21,6.08,0.06,7.10,1.08,148.32,27.44,71.79,75.52,6.79,6.75,1687.60,1393.68,5.61,419.92,7.22,32.83,1160.48,553.33,8.74,7.08,1315.50
19.66,6.08,5.95,0.71,89.39,0.97,1.92,62.36,0.73,20.03,0.53,2.34,6.32,0.02,7.42,1.13,121.57,32.90,61.14,76.59,6.66,7.36,1527.17,1153.96,5.41,395.12,7.50,41.68,1047.00,510.10,7.53,7.01,1235.52
19.98,6.71,6.02,1.04,77.72,0.20,1.89,67.52,0.97,21.33,0.55,2.35,6.72,0.05,7.53,1.57,142.39,27.76,76.73,81.69,6.89,7.38,1620.60,1173.40,5.32,345.12,6.52,39.07,1285.02,543.34,8.61,7.31,1168.84
18.68,6.01,6.07,0.82,80.22,0.58,3.40,71.58,0.97,35.78,0.68,2.43,5.49,0.05,7.51,1.10,158.36,34.92,70.41,72.72,6.54,7.38,1436.60,1518.43,6.39,325.40,6.99,46.74,1362.09,734.11,7.79,7.42,1526.39
18.36,6.79,6.25,1.45,77.79,0.83,2.11,61.56,1.27,27.30,0.66,2.17,5.24,0.05,7.32,1.70,154.11,19.36,66.39,86.04,6.88,6.72,1673.07,1424.12,6.43,410.25,7.54,31.50,1365.93,939.99,8.98,6.56,1638.29
19.83,6.38,5.55,1.63,76.57,0.55,4.94,68.76,1.09,35.69,0.59,2.19,5.91,0.04,6.97,1.25,161.34,23.76,75.60,75.40,7.43,7.44,1210.54,1427.76,5.44,493.91,7.06,39.26,1508.93,843.84,8.63,7.66,1047.83
18.94,6.28,6.86,1.08,87.83,0.61,3.49,61.70,1.04,28.08,0.51,2.46,6.36,0.04,6.97,1.33,169.02,34.48,77.42,84.11,8.14,7.49,1650.45,1303.51,5.53,317.58,6.98,44.58,1632.21,590.96,8.09,7.43,1318.04
16.18,6.02,6.27,1.65,78.63,0.70,1.51,62.45,1.22,37.36,0.54,2.22,6.58,0.06,7.26,1.42,100.19,33.98,67.18,76.53,6.76,6.87,1500.43,1419.84,6.70,407.97,6.70,33.44,1156.57,550.97,8.23,7.85,1185.34
15.16,6.76,6.06,1.20,75.57,0.76,2.42,66.51,0.76,20.99,0.66,2.69,5.19,0.04,7.58,1.12,109.02,23.04,72.47,85.05,7.03,7.36,1240.21,1248.14,5.48,436.28,6.98,45.58,1698.43,873.98,7.79,6.50,1193.92
15.08,6.27,6.48,0.78,82.90,0.48,2.19,60.54,1.14,22.13,0.69,2.23,5.16,0.07,6.91,1.42,159.86,22.54,67.52,79.56,7.67,7.60,1071.38,1156.32,5.23,474.20,7.60,45.43,1257.31,773.70,7.79,8.12,1013.55
18.94,6.41,6.85,0.75,75.12,1.10,1.98,77.71,1.01,36.37,0.63,2.17,6.59,0.02,6.71,1.11,163.78,18.51,64.12,72.79,7.83,7.56,1115.29,1156.19,5.69,497.50,7.31,41.67,1603.71,848.50,7.51,7.76,1450.84
18.77,6.94,5.24,1.70,89.22,0.42,4.35,61.02,1.05,38.49,0.56,2.18,6.93,0.05,7.62,1.04,104.95,24.82,63.44,80.08,6.66,7.30,1445.33,1107.69,6.99,340.63,7.31,41.98,1127.33,932.04,8.26,7.70,1233.09
15.96,6.22,5.75,0.73,81.22,1.13,3.02,79.77,1.30,20.76,0.67,2.20,6.46,0.05,7.18,1.28,110.22,33.43,72.34,74.33,6.59,7.59,1396.02,1524.25,5.33,376.22,7.24,34.70,1413.26,657.04,7.48,8.41,1217.25
19.29,6.85,6.87,1.27,82.14,0.29,1.70,77.74,1.39,27.45,0.55,2.41,5.36,0.04,7.68,1.07,130.65,21.65,72.79,83.81,7.59,6.79,1605.24,1349.80,6.81,497.44,6.81,33.45,1593.26,872.43,7.41,6.95,1582.06
16.31,6.25,5.62,1.32,88.90,0.24,2.22,78.94,1.27,44.02,0.70,2.33,6.43,0.03,7.29,1.33,145.45,19.35,69.60,73.23,8.40,7.68,1396.55,1157.86,5.21,313.14,6.91,34.24,1431.06,795.08,9.32,7.16,1694.13
16.97,6.47,6.22,1.95,79.76,0.45,1.85,68.85,0.82,39.41,0.55,2.39,6.29,0.06,7.52,1.45,131.83,26.87,70.39,85.25,7.95,7.43,1106.00,1535.27,6.01,486.46,7.43,42.54,1166.42,954.69,9.45,7.05,1051.85
16.08,6.83,6.28,1.80,80.62,0.72,2.52,73.90,1.41,40.65,0.52,2.56,6.75,0.06,6.89,1.66,113.55,25.46,63.77,83.20,8.27,7.35,1247.19,1189.97,5.81,363.52,7.10,32.60,1009.73,705.46,8.45,8.10,1598.26
17.70,6.63,6.28,1.88,78.69,1.04,1.83,66.53,1.41,17.40,0.56,2.51,5.69,0.02,6.54,1.50,163.97,28.29,66.24,75.04,6.62,7.61,1613.75,1582.92,6.53,456.70,7.62,41.38,1047.70,573.36,9.73,7.09,1561.83
15.69,6.86,5.66,1.64,81.10,0.45,3.13,69.87,1.19,17.32,0.61,2.50,5.56,0.04,7.50,1.32,163.86,34.44,73.37,78.65,7.62,7.59,1334.46,1149.87,6.01,436.62,6.82,46.91,1566.22,776.45,9.91,8.34,1010.97
15.29,6.75,6.86,1.66,76.18,0.91,4.57,67.21,1.22,32.10,0.65,2.43,5.53,0.03,6.81,1.40,107.80,31.26,70.79,86.74,6.70,7.10,1544.25,1334.17,6.79,469.71,6.53,46.95,1693.47,977.96,9.26,6.59,1149.44
18.28,6.74,5.92,1.01,82.20,0.28,2.72,64.05,1.06,26.42,0.57,2.35,6.36,0.06,6.58,1.24,123.35,22.63,67.44,75.88,6.56,7.62,1507.23,1137.32,5.40,317.20,6.57,46.85,1469.71,711.02,9.44,8.16,1116.15
15.13,6.48,5.74,1.43,77.66,0.24,4.42,67.07,1.38,36.71,0.69,2.67,6.50,0.02,7.49,1.52,103.43,33.57,75.38,82.24,6.93,7.54,1187.15,1302.11,6.86,301.00,7.03,33.16,1482.57,924.75,8.41,8.01,1055.65
17.36,6.25,5.82,1.58,82.30,0.50,4.78,61.70,1.36,36.18,0.52,2.60,6.11,0.02,6.72,1.49,147.89,18.05,75.83,81.19,7.64,7.19,1150.98,1385.87,5.19,444.72,7.18,40.37,1631.63,747.10,8.49,6.96,1008.05
17.68,6.78,6.69,1.37,89.54,0.57,3.77,67.53,1.42,35.18,0.52,2.62,6.54,0.05,7.43,1.57,124.49,26.80,62.90,83.59,6.78,7.07,1580.26,1416.02,6.48,461.90,6.92,42.11,1482.10,961.85,8.55,8.29,1171.75
17.38,6.05,6.96,0.95,80.24,0.77,2.68,76.06,0.96,18.16,0.55,2.26,6.63,0.06,6.80,1.31,165.15,25.83,71.70,74.88,7.66,7.14,1373.23,1201.57,5.92,431.30,7.21,33.59,1494.15,597.37,8.69,7.56,1435.23
16.27,6.58,6.28,1.78,85.23,0.85,3.36,61.04,0.99,37.32,0.55,2.37,5.31,0.02,7.32,1.42,158.43,31.58,61.85,86.16,8.34,7.09,1011.60,1280.18,5.58,349.63,7.24,38.58,1414.70,957.24,9.83,6.80,1043.71
18.62,6.74,5.59,1.28,89.39,0.75,3.64,67.96,0.94,35.57,0.53,2.62,6.66,0.05,7.17,1.26,121.36,21.73,72.84,84.26,7.77,7.54,1135.21,1311.95,5.51,488.55,7.70,35.50,1072.91,592.67,7.64,6.73,1629.37
18.81,6.68,5.24,1.89,84.54,0.62,1.69,67.45,0.88,18.83,0.59,2.48,6.74,0.02,7.55,1.01,136.84,27.67,70.78,79.02,7.56,6.90,1247.21,1540.69,5.30,413.55,7.67,38.47,1479.18,624.39,7.34,8.07,1253.39
15.50,6.39,6.64,0.62,85.99,0.66,2.43,67.00,0.98,28.98,0.67,2.32,5.70,0.04,7.46,1.64,124.79,26.70,72.32,73.63,7.38,6.72,1510.14,1144.81,5.27,453.20,6.59,38.15,1136.26,975.65,9.37,8.13,1630.03
18.51,6.67,5.58,1.90,87.31,0.54,3.05,62.84,0.96,40.51,0.66,2.47,5.60,0.06,6.52,1.02,142.66,19.27,63.63,86.12,7.86,7.38,1667.10,1465.98,6.15,443.47,7.34,45.32,1034.73,878.51,9.53,8.05,1033.00
19.83,6.17,5.59,1.41,84.52,1.01,2.93,69.86,0.86,48.50,0.63,2.32,6.66,0.02,7.22,1.23,161.99,22.08,64.94,86.58,6.88,7.21,1093.50,1112.35,6.48,395.59,6.76,45.68,1648.81,775.63,8.08,8.33,1473.33
17.83,6.81,6.01,1.31,79.01,0.35,4.99,68.20,1.20,45.81,0.60,2.68,5.85,0.06,7.52,1.27,115.31,34.85,65.27,81.42,7.79,6.93,1471.39,1158.33,6.41,366.53,7.14,36.37,1051.19,813.12,8.85,6.73,1331.82
19.59,6.09,6.98,0.80,78.77,0.22,2.68,71.44,0.99,19.67,0.55,2.48,6.67,0.07,7.66,1.67,128.50,26.21,65.72,86.33,7.89,7.38,1189.94,1122.26,6.72,485.70,6.69,46.11,1003.97,936.82,8.79,7.66,1520.19
15.23,6.42,5.82,1.82,89.06,0.58,3.21,72.61,1.16,43.61,0.60,2.33,5.74,0.03,7.49,1.54,153.87,31.83,64.43,82.12,8.11,6.82,1183.71,1216.36,5.22,356.33,7.56,42.21,1427.08,675.44,7.78,8.46,1361.82
16.15,6.98,5.31,0.65,83.80,1.17,3.74,68.41,0.74,45.89,0.59,2.29,6.69,0.03,6.76,1.41,109.44,32.47,63.48,83.66,7.05,7.34,1602.00,1588.50,6.22,307.25,6.73,32.25,1369.40,839.35,8.10,6.53,1538.21
16.08,6.00,6.38,1.45,80.77,0.82,3.13,70.87,1.28,22.19,0.66,2.50,6.38,0.04,7.03,1.67,162.28,29.76,69.33,72.17,8.05,7.55,1017.53,1441.55,5.05,439.44,7.64,42.62,1365.78,591.83,7.27,7.42,1142.69
17.72,6.41,5.70,1.53,80.81,0.87,1.77,68.69,0.87,20.72,0.66,2.49,6.36,0.04,7.50,1.22,139.65,18.82,66.71,75.35,7.47,6.87,1432.44,1156.60,5.42,325.12,6.85,33.90,1068.00,724.02,9.76,7.94,1274.79
17.90,6.86,5.81,1.62,88.70,0.79,1.66,67.50,1.02,49.63,0.66,2.19,5.57,0.05,7.59,1.38,140.76,30.42,66.71,76.78,7.16,7.56,1072.80,1198.30,6.24,318.02,7.35,41.56,1360.05,540.68,9.22,7.52,1137.94
18.64,6.31,5.92,0.63,80.45,1.02,2.75,66.79,1.02,20.57,0.68,2.62,6.51,0.04,7.23,1.45,133.87,26.43,75.03,80.58,8.43,7.32,1274.53,1175.05,5.02,440.09,7.38,34.85,1155.00,541.76,9.85,8.13,1503.13
19.25,6.35,6.83,0.74,87.60,1.07,3.62,79.03,0.93,29.18,0.53,2.35,5.69,0.02,6.98,1.47,122.00,19.78,67.70,78.91,7.75,6.89,1069.53,1322.86,5.28,496.61,7.24,36.74,1038.23,840.98,8.88,7.69,1486.98
18.99,6.24,6.79,1.98,83.21,0.92,2.35,62.98,1.04,26.88,0.59,2.39,6.02,0.06,7.49,1.07,142.59,18.57,63.67,82.68,7.98,7.11,1683.36,1167.25,5.14,402.69,6.98,37.28,1614.06,642.04,9.26,8.11,1266.87
16.06,6.57,5.47,0.55,78.65,0.86,4.46,66.06,1.24,15.79,0.70,2.70,5.79,0.04,7.22,1.01,117.80,34.18,65.56,73.21,8.43,6.78,1536.15,1361.40,6.91,450.04,6.69,46.25,1333.61,674.80,9.43,6.62,1232.96
15.60,6.05,5.56,0.69,87.45,0.81,2.18,71.45,1.09,36.08,0.57,2.28,6.66,0.03,7.59,1.05,131.53,31.30,68.26,79.47,8.01,7.07,1187.32,1461.42,6.08,302.65,7.02,31.55,1390.77,829.74,8.51,6.72,1498.90
19.66,6.23,5.35,1.09,78.03,1.20,4.24,61.15,1.07,27.90,0.64,2.30,6.64,0.04,6.68,1.68,161.96,18.69,75.84,72.55,6.90,6.87,1391.46,1222.43,6.93,340.52,7.15,44.19,1062.59,630.56,7.20,7.75,1288.38
15.06,6.83,5.36,1.43,75.88,0.94,3.15,66.38,0.80,46.25,0.63,2.30,6.31,0.03,6.52,1.63,134.48,20.34,63.20,78.56,8.19,6.99,1432.80,1465.38,5.04,323.49,6.71,38.91,1595.96,885.90,7.65,7.71,1563.98
17.02,6.62,6.82,1.26,84.38,0.42,3.73,66.41,1.37,18.44,0.68,2.17,5.33,0.04,7.15,1.49,151.78,24.67,66.82,85.34,7.62,7.25,1002.49,1295.86,5.32,335.63,6.64,31.01,1245.40,587.71,8.67,7.11,1368.67
15.64,6.29,5.70,1.16,86.30,0.95,1.88,60.37,0.92,36.24,0.53,2.24,5.54,0.06,6.55,1.47,140.50,31.50,68.51,83.43,7.18,7.40,1525.96,1242.32,6.98,477.95,6.68,32.87,1123.93,842.93,8.30,7.75,1520.30
17.99,6.59,5.86,0.75,83.10,1.01,2.03,63.44,1.27,41.64,0.56,2.29,6.83,0.04,7.57,1.35,153.67,21.28,76.38,80.61,7.69,6.85,1166.80,1552.09,6.74,404.45,7.22,38.82,1437.71,800.62,8.20,7.78,1262.31
15.47,6.53,6.02,1.08,83.75,0.23,3.31,77.61,1.08,16.73,0.63,2.66,5.31,0.06,7.33,1.28,163.60,24.32,70.95,77.04,7.46,7.68,1684.12,1545.82,5.37,496.35,7.03,42.46,1267.08,750.96,7.64,7.41,1174.29
19.20,6.10,5.86,1.42,84.08,0.40,3.16,70.17,1.02,30.66,0.62,2.20,5.34,0.05,7.03,1.28,143.20,34.88,65.35,84.70,6.87,7.51,1061.76,1109.74,5.58,341.95,6.98,41.52,1155.78,541.53,7.51,7.27,1216.69
18.48,6.69,6.97,1.95,88.29,0.55,4.17,74.18,1.32,24.58,0.54,2.39,5.29,0.03,6.79,1.46,134.86,20.88,78.20,84.07,8.01,7.15,1052.91,1131.52,6.95,372.87,7.39,34.43,1524.34,696.34,8.15,7.80,1057.01
16.98,6.10,5.42,1.30,83.79,0.36,4.03,73.50,1.09,43.10,0.63,2.46,5.36,0.04,7.44,1.30,118.02,18.73,78.21,83.77,6.95,7.41,1615.77,1548.08,6.96,315.84,7.39,32.96,1091.85,844.19,8.93,8.32,1144.80
18.70,6.28,6.79,0.57,81.22,1.15,2.81,60.94,0.76,26.97,0.54,2.58,6.02,0.03,7.33,1.42,157.88,20.21,67.64,82.12,8.09,6.81,1277.98,1252.28,5.12,494.28,7.54,36.72,1033.26,869.62,7.37,6.80,1454.82
19.25,6.90,5.40,1.85,80.72,0.64,4.71,63.26,1.42,27.15,0.61,2.37,6.52,0.04,6.51,1.20,147.51,20.95,75.59,76.97,6.84,7.64,1698.89,1362.26,5.06,427.87,7.58,37.76,1253.67,676.43,7.41,8.23,1428.14
18.19,6.32,6.66,0.78,86.55,0.94,3.52,67.79,1.16,22.88,0.66,2.59,6.66,0.03,7.06,1.16,136.11,29.90,70.72,85.03,7.99,6.83,1004.09,1482.08,5.42,423.94,7.44,33.65,1195.13,827.91,7.63,6.76,1167.32
15.38,6.89,5.44,1.86,80.01,0.65,3.33,71.01,1.26,30.22,0.58,2.41,6.46,0.03,6.62,1.03,165.19,25.51,67.59,72.97,7.28,7.38,1529.96,1450.96,5.42,307.33,6.75,33.25,1647.30,731.86,7.22,8.16,1496.66
17.46,6.48,6.85,0.73,76.44,0.79,2.61,67.90,0.97,20.81,0.53,2.66,5.69,0.02,6.91,1.48,102.99,28.33,63.46,78.31,7.59,7.66,1594.79,1397.65,5.52,447.50,7.53,33.99,1279.04,873.54,9.44,7.55,1045.71
19.87,6.03,5.14,0.62,76.32,0.85,2.80,72.22,0.73,45.56,0.56,2.21,6.40,0.05,6.67,1.69,100.83,28.57,67.87,83.78,7.23,6.80,1435.98,1546.66,5.87,414.66,6.85,34.40,1486.33,585.09,7.49,7.01,1083.59
16.70,6.37,5.79,1.75,81.19,0.35,3.91,64.19,0.75,21.68,0.60,2.27,6.62,0.05,6.94,1.24,139.02,24.78,74.01,83.30,7.43,7.64,1329.94,1556.32,5.82,490.04,6.78,31.84,1169.09,927.62,9.91,7.30,1667.42
17.03,6.26,5.22,1.76,89.46,1.18,2.75,66.42,0.85,15.84,0.69,2.59,5.49,0.05,7.29,1.21,160.18,28.03,77.51,81.49,7.69,7.65,1117.96,1375.02,6.93,485.65,6.57,39.40,1420.43,514.29,7.55,6.61,1409.69
